customer_id,age,gender,city,signup_date,membership_type
CUST_00001,30,Male,Bengaluru,2024-10-25,Basic
CUST_00002,39,Female,Bengaluru,2025-02-06,Premium
CUST_00003,26,Female,Mumbai,2024-12-01,Plus
CUST_00004,41,Female,Bengaluru,2024-11-30,Plus
CUST_00005,32,Female,Chennai,2024-07-12,Basic
CUST_00006,41,Female,Pune,2024-11-10,Basic
CUST_00007,26,Male,Kochi,2025-02-13,Basic
CUST_00008,31,Female,Pune,2025-03-28,Premium
CUST_00009,34,Other,Kochi,2024-08-12,Plus
CUST_00010,30,Male,Pune,2024-07-21,Plus
CUST_00011,39,Female,Chennai,2024-10-15,Basic
CUST_00012,18,Female,Delhi,2024-10-25,Premium
CUST_00013,50,Female,Pune,2024-11-01,Plus
CUST_00014,38,Female,Hyderabad,2025-01-19,Basic
CUST_00015,30,Male,Bengaluru,2024-08-20,Basic
CUST_00016,27,Male,Pune,2025-03-28,Basic
CUST_00017,24,Male,Bengaluru,2024-11-18,Basic
CUST_00018,36,Female,Delhi,2024-08-21,Basic
CUST_00019,39,Male,Bengaluru,2024-07-27,Basic
CUST_00020,30,Female,Mumbai,2024-12-04,Basic
CUST_00021,40,Male,Mumbai,2025-02-24,Plus
CUST_00022,24,Male,Bengaluru,2024-12-03,Basic
CUST_00023,22,Male,Hyderabad,2024-11-13,Basic
CUST_00024,46,Female,Delhi,2024-11-21,Basic
CUST_00025,36,Male,Kolkata,2024-10-14,Basic
CUST_00026,42,Male,Ahmedabad,2024-12-05,Plus
CUST_00027,24,Male,Mumbai,2024-11-23,Basic
CUST_00028,24,Male,Pune,2024-07-02,Basic
CUST_00029,28,Male,Hyderabad,2024-09-15,Plus
CUST_00030,24,Female,Hyderabad,2024-11-09,Basic
CUST_00031,37,Female,Chennai,2024-09-28,Plus
CUST_00032,25,Male,Mumbai,2025-03-20,Basic
CUST_00033,22,Female,Hyderabad,2024-10-16,Basic
CUST_00034,32,Other,Bengaluru,2024-09-12,Premium
CUST_00035,21,Female,Delhi,2024-08-08,Premium
CUST_00036,18,Female,Pune,2024-12-06,Plus
CUST_00037,32,Female,Hyderabad,2024-09-09,Basic
CUST_00038,18,Female,Bengaluru,2025-02-26,Basic
CUST_00039,37,Female,Hyderabad,2024-08-05,Plus
CUST_00040,20,Male,Mumbai,2024-09-22,Basic
CUST_00041,18,Female,Delhi,2025-03-20,Basic
CUST_00042,29,Female,Hyderabad,2024-12-19,Basic
CUST_00043,32,Male,Delhi,2024-12-20,Basic
CUST_00044,35,Male,Ahmedabad,2024-08-16,Premium
CUST_00045,32,Female,Chennai,2024-11-18,Basic
CUST_00046,23,Female,Kochi,2024-10-26,Plus
CUST_00047,37,Male,Hyderabad,2025-01-30,Basic
CUST_00048,39,Female,Chennai,2025-02-05,Basic
CUST_00049,21,Male,Hyderabad,2024-07-26,Basic
CUST_00050,30,Male,Bengaluru,2024-07-09,Basic
CUST_00051,29,Female,Bengaluru,2025-03-28,Premium
CUST_00052,33,Male,Hyderabad,2024-07-10,Plus
CUST_00053,29,Male,Pune,2024-10-29,Premium
CUST_00054,30,Female,Ahmedabad,2024-11-02,Premium
CUST_00055,36,Male,Delhi,2024-12-17,Plus
CUST_00056,22,Male,Bengaluru,2024-09-10,Premium
CUST_00057,37,Female,Delhi,2024-11-29,Basic
CUST_00058,40,Female,Delhi,2025-01-24,Basic
CUST_00059,44,Female,Kolkata,2024-08-18,Basic
CUST_00060,18,Female,Kolkata,2024-12-01,Basic
CUST_00061,30,Male,Ahmedabad,2024-09-06,Basic
CUST_00062,18,Female,Hyderabad,2024-08-19,Basic
CUST_00063,18,Female,Pune,2024-11-29,Plus
CUST_00064,32,Female,Chennai,2024-07-19,Basic
CUST_00065,28,Female,Kochi,2024-10-08,Basic
CUST_00066,33,Female,Chennai,2024-08-29,Basic
CUST_00067,35,Male,Bengaluru,2024-12-14,Basic
CUST_00068,41,Male,Bengaluru,2025-01-18,Plus
CUST_00069,31,Female,Pune,2024-11-23,Basic
CUST_00070,54,Female,Mumbai,2024-12-11,Premium
CUST_00071,33,Female,Mumbai,2025-02-27,Plus
CUST_00072,46,Male,Jaipur,2024-09-07,Basic
CUST_00073,18,Female,Jaipur,2024-12-22,Basic
CUST_00074,42,Female,Hyderabad,2024-08-18,Plus
CUST_00075,30,Female,Chennai,2024-10-16,Plus
CUST_00076,18,Female,Kolkata,2025-02-11,Plus
CUST_00077,34,Female,Ahmedabad,2024-12-08,Plus
CUST_00078,29,Female,Mumbai,2024-10-27,Basic
CUST_00079,36,Female,Delhi,2024-11-26,Basic
CUST_00080,39,Female,Chennai,2024-11-27,Basic
CUST_00081,19,Female,Kolkata,2024-11-20,Premium
CUST_00082,39,Female,Delhi,2024-12-07,Plus
CUST_00083,31,Female,Mumbai,2024-07-11,Basic
CUST_00084,42,Female,Bengaluru,2024-11-15,Basic
CUST_00085,29,Female,Jaipur,2024-09-16,Basic
CUST_00086,27,Male,Delhi,2024-09-15,Basic
CUST_00087,31,Male,Chennai,2025-03-11,Plus
CUST_00088,32,Female,Delhi,2025-03-15,Plus
CUST_00089,26,Female,Delhi,2025-03-20,Premium
CUST_00090,27,Female,Mumbai,2024-09-23,Basic
CUST_00091,21,Female,Pune,2024-11-23,Basic
CUST_00092,28,Female,Delhi,2024-08-11,Plus
CUST_00093,36,Female,Jaipur,2024-11-02,Plus
CUST_00094,30,Female,Bengaluru,2024-12-14,Plus
CUST_00095,39,Female,Bengaluru,2025-02-26,Plus
CUST_00096,30,Male,Chennai,2025-01-04,Basic
CUST_00097,20,Male,Pune,2024-07-19,Basic
CUST_00098,36,Male,Delhi,2024-09-06,Basic
CUST_00099,26,Male,Ahmedabad,2025-02-03,Basic
CUST_00100,29,Female,Pune,2024-10-10,Basic
CUST_00101,41,Male,Mumbai,2024-08-11,Basic
CUST_00102,22,Male,Kochi,2024-12-14,Plus
CUST_00103,32,Male,Chennai,2024-10-17,Basic
CUST_00104,31,Male,Kolkata,2024-08-05,Basic
CUST_00105,37,Female,Hyderabad,2025-02-17,Premium
CUST_00106,38,Female,Delhi,2025-02-14,Basic
CUST_00107,33,Female,Pune,2024-12-11,Basic
CUST_00108,28,Male,Delhi,2024-09-11,Plus
CUST_00109,35,Male,Bengaluru,2024-11-13,Basic
CUST_00110,42,Male,Mumbai,2024-09-08,Basic
CUST_00111,31,Female,Mumbai,2025-01-12,Basic
CUST_00112,29,Male,Kolkata,2025-03-26,Basic
CUST_00113,34,Female,Mumbai,2024-08-18,Premium
CUST_00114,31,Male,Jaipur,2024-11-07,Plus
CUST_00115,20,Female,Mumbai,2024-07-05,Plus
CUST_00116,33,Male,Mumbai,2024-07-27,Premium
CUST_00117,20,Male,Kolkata,2024-12-07,Plus
CUST_00118,34,Female,Delhi,2024-11-26,Basic
CUST_00119,25,Male,Kochi,2025-03-21,Premium
CUST_00120,31,Male,Delhi,2025-02-15,Basic
CUST_00121,34,Female,Mumbai,2025-01-16,Plus
CUST_00122,51,Female,Bengaluru,2024-08-19,Premium
CUST_00123,37,Female,Hyderabad,2024-09-05,Basic
CUST_00124,42,Male,Chennai,2024-08-27,Basic
CUST_00125,46,Male,Pune,2025-03-16,Basic
CUST_00126,35,Male,Chennai,2024-11-07,Basic
CUST_00127,33,Male,Chennai,2025-01-31,Plus
CUST_00128,22,Female,Chennai,2024-12-19,Premium
CUST_00129,30,Female,Bengaluru,2025-03-15,Basic
CUST_00130,25,Male,Hyderabad,2024-10-10,Basic
CUST_00131,28,Female,Ahmedabad,2025-01-25,Basic
CUST_00132,46,Male,Pune,2024-10-24,Basic
CUST_00133,32,Female,Pune,2025-03-21,Basic
CUST_00134,24,Male,Kolkata,2024-11-27,Basic
CUST_00135,42,Male,Chennai,2024-08-05,Premium
CUST_00136,39,Female,Ahmedabad,2025-01-24,Basic
CUST_00137,39,Female,Bengaluru,2024-10-14,Basic
CUST_00138,18,Female,Hyderabad,2024-12-05,Plus
CUST_00139,47,Male,Delhi,2024-10-29,Basic
CUST_00140,27,Male,Bengaluru,2024-08-24,Premium
CUST_00141,37,Female,Pune,2024-07-12,Premium
CUST_00142,51,Male,Hyderabad,2024-11-22,Basic
CUST_00143,48,Female,Pune,2024-11-13,Basic
CUST_00144,23,Male,Mumbai,2024-07-03,Basic
CUST_00145,19,Male,Chennai,2024-11-21,Basic
CUST_00146,42,Female,Pune,2024-07-30,Basic
CUST_00147,32,Male,Chennai,2025-02-22,Plus
CUST_00148,27,Female,Mumbai,2024-10-23,Basic
CUST_00149,36,Female,Bengaluru,2024-10-12,Basic
CUST_00150,30,Male,Delhi,2024-10-26,Basic
CUST_00151,37,Female,Delhi,2024-07-05,Premium
CUST_00152,32,Female,Hyderabad,2025-03-05,Basic
CUST_00153,37,Male,Jaipur,2024-10-29,Basic
CUST_00154,24,Male,Ahmedabad,2024-11-26,Basic
CUST_00155,42,Male,Pune,2024-09-22,Premium
CUST_00156,37,Female,Pune,2025-02-16,Basic
CUST_00157,36,Female,Chennai,2024-12-08,Plus
CUST_00158,22,Female,Delhi,2025-03-29,Plus
CUST_00159,45,Other,Chennai,2024-08-07,Basic
CUST_00160,31,Female,Bengaluru,2025-02-11,Plus
CUST_00161,37,Female,Kochi,2024-11-19,Basic
CUST_00162,28,Male,Delhi,2024-11-28,Plus
CUST_00163,33,Female,Hyderabad,2024-10-22,Plus
CUST_00164,33,Male,Chennai,2025-02-22,Basic
CUST_00165,18,Female,Delhi,2024-09-04,Basic
CUST_00166,36,Male,Bengaluru,2025-03-15,Plus
CUST_00167,47,Male,Bengaluru,2025-03-06,Basic
CUST_00168,35,Male,Bengaluru,2024-12-27,Basic
CUST_00169,23,Male,Mumbai,2025-01-06,Basic
CUST_00170,36,Female,Delhi,2024-12-01,Plus
CUST_00171,39,Male,Bengaluru,2025-01-12,Plus
CUST_00172,35,Female,Pune,2025-03-19,Basic
CUST_00173,30,Male,Chennai,2024-11-20,Basic
CUST_00174,29,Female,Delhi,2024-10-09,Basic
CUST_00175,29,Male,Kochi,2025-03-01,Plus
CUST_00176,37,Male,Pune,2024-07-12,Basic
CUST_00177,20,Female,Ahmedabad,2025-02-24,Plus
CUST_00178,28,Male,Jaipur,2024-08-18,Basic
CUST_00179,44,Male,Mumbai,2024-08-11,Premium
CUST_00180,44,Male,Pune,2024-12-13,Basic
CUST_00181,19,Male,Kolkata,2024-09-20,Basic
CUST_00182,22,Female,Hyderabad,2024-12-05,Basic
CUST_00183,29,Male,Chennai,2025-02-01,Premium
CUST_00184,38,Female,Jaipur,2024-12-05,Premium
CUST_00185,18,Female,Pune,2024-11-11,Basic
CUST_00186,31,Male,Chennai,2024-09-05,Plus
CUST_00187,27,Female,Mumbai,2024-07-07,Plus
CUST_00188,42,Female,Kolkata,2024-07-14,Plus
CUST_00189,18,Female,Mumbai,2024-09-11,Basic
CUST_00190,32,Female,Delhi,2024-12-10,Basic
CUST_00191,28,Female,Pune,2024-09-04,Basic
CUST_00192,43,Female,Delhi,2024-11-07,Premium
CUST_00193,36,Male,Mumbai,2025-01-22,Premium
CUST_00194,26,Male,Pune,2025-03-13,Plus
CUST_00195,38,Male,Pune,2025-03-23,Basic
CUST_00196,28,Male,Delhi,2024-07-25,Basic
CUST_00197,39,Male,Hyderabad,2025-03-10,Plus
CUST_00198,29,Male,Hyderabad,2024-12-11,Premium
CUST_00199,39,Male,Kochi,2024-10-03,Premium
CUST_00200,34,Female,Bengaluru,2025-03-27,Plus
CUST_00201,57,Female,Chennai,2024-10-18,Plus
CUST_00202,31,Female,Mumbai,2025-02-23,Basic
CUST_00203,34,Female,Kolkata,2024-07-25,Basic
CUST_00204,27,Female,Bengaluru,2024-11-18,Premium
CUST_00205,31,Female,Chennai,2024-10-25,Plus
CUST_00206,18,Male,Bengaluru,2024-07-25,Basic
CUST_00207,35,Male,Pune,2024-09-17,Basic
CUST_00208,42,Female,Chennai,2024-09-06,Plus
CUST_00209,34,Female,Hyderabad,2024-12-20,Basic
CUST_00210,20,Female,Mumbai,2024-07-12,Basic
CUST_00211,25,Male,Ahmedabad,2024-11-05,Basic
CUST_00212,18,Male,Hyderabad,2024-10-04,Plus
CUST_00213,39,Female,Bengaluru,2024-09-30,Plus
CUST_00214,23,Female,Mumbai,2024-11-18,Basic
CUST_00215,31,Male,Kochi,2024-07-31,Plus
CUST_00216,30,Male,Delhi,2024-07-20,Basic
CUST_00217,43,Female,Kochi,2024-11-23,Basic
CUST_00218,32,Female,Kolkata,2024-12-07,Plus
CUST_00219,37,Male,Bengaluru,2024-08-12,Plus
CUST_00220,35,Female,Delhi,2025-03-11,Plus
CUST_00221,42,Male,Chennai,2024-11-07,Plus
CUST_00222,29,Male,Mumbai,2024-08-29,Plus
CUST_00223,46,Female,Chennai,2024-11-28,Basic
CUST_00224,18,Male,Hyderabad,2024-07-05,Basic
CUST_00225,38,Female,Jaipur,2025-03-23,Basic
CUST_00226,24,Female,Chennai,2024-11-07,Basic
CUST_00227,27,Female,Ahmedabad,2025-03-24,Premium
CUST_00228,36,Male,Bengaluru,2024-12-25,Basic
CUST_00229,35,Male,Bengaluru,2025-03-10,Premium
CUST_00230,36,Male,Kolkata,2024-08-25,Plus
CUST_00231,20,Female,Delhi,2024-09-21,Plus
CUST_00232,43,Female,Pune,2024-10-07,Basic
CUST_00233,24,Female,Chennai,2024-11-26,Plus
CUST_00234,25,Female,Mumbai,2024-12-03,Basic
CUST_00235,36,Female,Pune,2025-01-06,Basic
CUST_00236,29,Female,Delhi,2025-03-20,Plus
CUST_00237,33,Male,Mumbai,2024-09-18,Basic
CUST_00238,18,Male,Jaipur,2025-03-09,Basic
CUST_00239,33,Female,Delhi,2024-10-05,Plus
CUST_00240,33,Male,Ahmedabad,2025-03-17,Basic
CUST_00241,27,Male,Pune,2025-03-17,Premium
CUST_00242,18,Female,Pune,2024-10-11,Premium
CUST_00243,29,Female,Bengaluru,2024-08-09,Premium
CUST_00244,31,Male,Hyderabad,2025-03-30,Basic
CUST_00245,28,Female,Kolkata,2024-10-09,Basic
CUST_00246,18,Female,Chennai,2025-02-06,Premium
CUST_00247,44,Male,Bengaluru,2024-11-01,Basic
CUST_00248,26,Male,Hyderabad,2025-02-16,Premium
CUST_00249,29,Male,Chennai,2024-12-25,Premium
CUST_00250,18,Female,Jaipur,2024-09-01,Premium
CUST_00251,44,Female,Ahmedabad,2024-10-24,Basic
CUST_00252,27,Female,Mumbai,2025-01-07,Basic
CUST_00253,32,Female,Bengaluru,2024-08-31,Premium
CUST_00254,40,Male,Pune,2025-03-13,Basic
CUST_00255,26,Male,Delhi,2024-07-07,Basic
CUST_00256,39,Female,Kochi,2024-12-02,Plus
CUST_00257,18,Male,Mumbai,2024-09-30,Premium
CUST_00258,35,Male,Hyderabad,2024-07-14,Plus
CUST_00259,44,Male,Mumbai,2025-02-14,Plus
CUST_00260,26,Male,Kochi,2024-09-24,Basic
CUST_00261,40,Male,Pune,2024-11-10,Plus
CUST_00262,46,Male,Delhi,2024-12-30,Premium
CUST_00263,29,Male,Chennai,2024-08-31,Basic
CUST_00264,28,Male,Pune,2025-02-04,Basic
CUST_00265,24,Female,Pune,2025-03-03,Premium
CUST_00266,27,Female,Hyderabad,2025-02-15,Plus
CUST_00267,24,Male,Mumbai,2024-09-17,Plus
CUST_00268,24,Female,Chennai,2024-11-26,Plus
CUST_00269,41,Male,Chennai,2024-11-15,Basic
CUST_00270,25,Female,Bengaluru,2024-09-03,Basic
CUST_00271,33,Female,Chennai,2024-07-13,Plus
CUST_00272,31,Female,Mumbai,2025-01-29,Plus
CUST_00273,43,Female,Bengaluru,2025-02-27,Premium
CUST_00274,27,Male,Chennai,2025-01-29,Premium
CUST_00275,34,Male,Ahmedabad,2024-12-28,Basic
CUST_00276,37,Female,Delhi,2024-12-20,Basic
CUST_00277,43,Male,Delhi,2024-12-07,Plus
CUST_00278,27,Male,Hyderabad,2024-12-11,Plus
CUST_00279,26,Female,Delhi,2025-01-04,Plus
CUST_00280,23,Female,Chennai,2025-01-07,Plus
CUST_00281,49,Female,Kolkata,2025-03-13,Premium
CUST_00282,42,Male,Bengaluru,2024-12-30,Basic
CUST_00283,31,Female,Delhi,2024-10-25,Basic
CUST_00284,46,Male,Hyderabad,2025-01-12,Basic
CUST_00285,30,Male,Pune,2024-08-03,Plus
CUST_00286,37,Female,Mumbai,2024-08-21,Basic
CUST_00287,31,Male,Mumbai,2024-10-20,Basic
CUST_00288,34,Male,Bengaluru,2025-03-09,Basic
CUST_00289,33,Female,Delhi,2024-09-20,Basic
CUST_00290,28,Male,Kochi,2025-02-17,Plus
CUST_00291,40,Male,Kolkata,2025-02-12,Basic
CUST_00292,37,Male,Bengaluru,2025-02-18,Basic
CUST_00293,39,Male,Hyderabad,2025-02-06,Plus
CUST_00294,34,Male,Jaipur,2024-08-11,Basic
CUST_00295,24,Female,Mumbai,2024-07-21,Basic
CUST_00296,45,Female,Delhi,2024-08-11,Basic
CUST_00297,29,Male,Jaipur,2024-10-21,Plus
CUST_00298,34,Female,Ahmedabad,2024-10-13,Basic
CUST_00299,36,Male,Mumbai,2025-01-08,Plus
CUST_00300,34,Male,Hyderabad,2024-07-17,Basic
CUST_00301,38,Female,Hyderabad,2024-10-28,Basic
CUST_00302,40,Male,Pune,2024-11-06,Basic
CUST_00303,29,Other,Chennai,2024-11-07,Basic
CUST_00304,44,Male,Chennai,2024-08-29,Plus
CUST_00305,29,Female,Hyderabad,2024-08-17,Plus
CUST_00306,34,Male,Chennai,2024-07-29,Premium
CUST_00307,28,Male,Pune,2024-10-05,Basic
CUST_00308,26,Male,Delhi,2024-07-10,Basic
CUST_00309,39,Female,Mumbai,2025-02-27,Plus
CUST_00310,56,Female,Hyderabad,2025-02-17,Basic
CUST_00311,28,Female,Ahmedabad,2025-01-19,Basic
CUST_00312,41,Male,Bengaluru,2025-03-04,Basic
CUST_00313,28,Male,Pune,2025-03-21,Basic
CUST_00314,31,Male,Ahmedabad,2025-01-30,Premium
CUST_00315,45,Female,Mumbai,2025-01-16,Plus
CUST_00316,22,Female,Mumbai,2024-09-17,Plus
CUST_00317,20,Male,Jaipur,2024-12-20,Basic
CUST_00318,30,Female,Chennai,2024-09-07,Basic
CUST_00319,36,Male,Mumbai,2024-09-25,Basic
CUST_00320,35,Female,Mumbai,2024-10-09,Basic
CUST_00321,34,Female,Chennai,2024-07-08,Basic
CUST_00322,31,Male,Kolkata,2025-01-16,Plus
CUST_00323,37,Male,Ahmedabad,2024-09-25,Plus
CUST_00324,18,Other,Pune,2024-08-12,Basic
CUST_00325,25,Female,Chennai,2024-10-17,Premium
CUST_00326,30,Female,Bengaluru,2024-11-29,Plus
CUST_00327,37,Female,Delhi,2024-07-17,Plus
CUST_00328,43,Male,Bengaluru,2024-11-10,Plus
CUST_00329,24,Female,Delhi,2024-11-25,Basic
CUST_00330,43,Female,Mumbai,2025-02-17,Basic
CUST_00331,27,Female,Delhi,2025-02-13,Basic
CUST_00332,30,Male,Delhi,2024-11-16,Plus
CUST_00333,36,Male,Hyderabad,2025-01-27,Basic
CUST_00334,29,Male,Chennai,2024-07-28,Basic
CUST_00335,40,Male,Chennai,2024-08-20,Basic
CUST_00336,28,Male,Mumbai,2025-03-18,Basic
CUST_00337,28,Male,Delhi,2025-03-18,Premium
CUST_00338,39,Male,Pune,2024-07-08,Plus
CUST_00339,25,Male,Pune,2024-11-15,Basic
CUST_00340,33,Female,Kochi,2024-08-07,Basic
CUST_00341,18,Male,Chennai,2024-10-19,Basic
CUST_00342,46,Male,Bengaluru,2025-02-05,Basic
CUST_00343,41,Male,Hyderabad,2025-02-08,Basic
CUST_00344,53,Male,Pune,2024-11-13,Basic
CUST_00345,42,Female,Hyderabad,2025-03-13,Basic
CUST_00346,22,Male,Kolkata,2024-08-18,Plus
CUST_00347,36,Female,Mumbai,2024-09-16,Plus
CUST_00348,24,Female,Jaipur,2024-10-13,Basic
CUST_00349,44,Female,Jaipur,2024-12-16,Basic
CUST_00350,22,Female,Bengaluru,2025-02-02,Plus
CUST_00351,22,Female,Mumbai,2024-10-27,Basic
CUST_00352,18,Female,Delhi,2025-01-06,Premium
CUST_00353,27,Male,Chennai,2025-03-12,Plus
CUST_00354,25,Male,Hyderabad,2025-03-23,Basic
CUST_00355,21,Female,Delhi,2024-11-26,Basic
CUST_00356,47,Male,Chennai,2024-12-11,Plus
CUST_00357,35,Male,Delhi,2024-11-17,Basic
CUST_00358,34,Female,Pune,2025-03-15,Plus
CUST_00359,44,Female,Bengaluru,2025-03-26,Premium
CUST_00360,33,Male,Mumbai,2024-12-28,Plus
CUST_00361,25,Female,Chennai,2024-12-07,Basic
CUST_00362,18,Male,Pune,2025-02-11,Plus
CUST_00363,25,Female,Chennai,2024-07-11,Basic
CUST_00364,43,Male,Ahmedabad,2024-07-10,Basic
CUST_00365,21,Male,Hyderabad,2025-03-28,Premium
CUST_00366,34,Female,Chennai,2025-03-30,Basic
CUST_00367,39,Male,Hyderabad,2024-12-30,Premium
CUST_00368,33,Female,Hyderabad,2024-11-30,Premium
CUST_00369,34,Male,Hyderabad,2024-11-01,Basic
CUST_00370,36,Male,Delhi,2024-10-22,Basic
CUST_00371,34,Female,Mumbai,2025-01-29,Basic
CUST_00372,44,Male,Bengaluru,2024-12-19,Basic
CUST_00373,23,Male,Bengaluru,2024-12-21,Basic
CUST_00374,33,Male,Pune,2024-10-21,Plus
CUST_00375,18,Female,Mumbai,2024-10-30,Basic
CUST_00376,18,Female,Hyderabad,2024-08-01,Basic
CUST_00377,30,Other,Kolkata,2025-02-07,Plus
CUST_00378,35,Male,Hyderabad,2024-10-27,Basic
CUST_00379,44,Male,Kolkata,2024-08-08,Plus
CUST_00380,50,Male,Chennai,2025-03-25,Basic
CUST_00381,42,Female,Bengaluru,2025-02-18,Basic
CUST_00382,37,Male,Jaipur,2024-07-18,Plus
CUST_00383,32,Female,Hyderabad,2024-11-26,Plus
CUST_00384,19,Male,Kolkata,2024-11-26,Premium
CUST_00385,30,Other,Chennai,2024-11-03,Plus
CUST_00386,41,Female,Delhi,2025-02-23,Plus
CUST_00387,38,Female,Ahmedabad,2024-11-12,Basic
CUST_00388,21,Male,Bengaluru,2024-11-28,Basic
CUST_00389,36,Male,Kolkata,2025-02-21,Plus
CUST_00390,35,Male,Delhi,2025-02-09,Plus
CUST_00391,34,Male,Delhi,2025-01-19,Premium
CUST_00392,31,Male,Mumbai,2025-03-13,Basic
CUST_00393,36,Female,Ahmedabad,2024-09-24,Basic
CUST_00394,37,Male,Bengaluru,2024-11-27,Plus
CUST_00395,26,Female,Chennai,2025-02-20,Basic
CUST_00396,35,Female,Ahmedabad,2024-07-22,Premium
CUST_00397,29,Male,Pune,2025-03-26,Premium
CUST_00398,19,Female,Bengaluru,2025-03-15,Basic
CUST_00399,27,Male,Mumbai,2024-07-29,Plus
CUST_00400,18,Male,Mumbai,2025-01-29,Plus
CUST_00401,39,Male,Hyderabad,2024-08-19,Basic
CUST_00402,34,Female,Chennai,2024-10-03,Premium
CUST_00403,28,Male,Delhi,2024-09-26,Basic
CUST_00404,42,Male,Chennai,2024-08-13,Plus
CUST_00405,32,Female,Kolkata,2024-12-18,Basic
CUST_00406,20,Male,Kolkata,2025-01-05,Premium
CUST_00407,27,Female,Hyderabad,2024-12-31,Basic
CUST_00408,44,Female,Chennai,2024-07-03,Basic
CUST_00409,26,Other,Chennai,2025-01-07,Premium
CUST_00410,33,Male,Mumbai,2024-10-26,Basic
CUST_00411,37,Male,Pune,2024-07-19,Basic
CUST_00412,36,Male,Hyderabad,2024-07-23,Premium
CUST_00413,51,Male,Delhi,2024-07-30,Premium
CUST_00414,22,Male,Hyderabad,2024-10-16,Plus
CUST_00415,22,Male,Chennai,2024-11-05,Plus
CUST_00416,22,Female,Bengaluru,2025-02-14,Basic
CUST_00417,29,Female,Bengaluru,2024-10-19,Basic
CUST_00418,40,Male,Chennai,2024-11-13,Basic
CUST_00419,23,Male,Hyderabad,2025-01-02,Plus
CUST_00420,40,Male,Kolkata,2024-11-21,Plus
CUST_00421,31,Male,Kolkata,2024-09-10,Plus
CUST_00422,22,Female,Chennai,2024-11-06,Plus
CUST_00423,18,Female,Chennai,2025-03-18,Basic
CUST_00424,19,Female,Chennai,2024-07-03,Basic
CUST_00425,26,Female,Hyderabad,2024-10-12,Basic
CUST_00426,30,Female,Mumbai,2025-02-09,Basic
CUST_00427,42,Female,Hyderabad,2024-07-10,Basic
CUST_00428,37,Male,Chennai,2025-02-16,Premium
CUST_00429,24,Female,Bengaluru,2025-02-04,Basic
CUST_00430,34,Male,Bengaluru,2024-09-04,Basic
CUST_00431,44,Male,Bengaluru,2024-10-20,Basic
CUST_00432,46,Male,Pune,2024-07-13,Plus
CUST_00433,28,Male,Chennai,2024-09-24,Plus
CUST_00434,39,Female,Mumbai,2025-02-19,Basic
CUST_00435,42,Male,Delhi,2024-09-28,Basic
CUST_00436,19,Male,Ahmedabad,2024-08-23,Plus
CUST_00437,27,Male,Ahmedabad,2024-07-12,Basic
CUST_00438,49,Female,Pune,2025-01-25,Plus
CUST_00439,29,Male,Bengaluru,2024-07-14,Plus
CUST_00440,18,Female,Delhi,2024-10-29,Basic
CUST_00441,30,Female,Pune,2024-07-20,Basic
CUST_00442,40,Female,Bengaluru,2024-09-13,Premium
CUST_00443,31,Female,Mumbai,2025-02-28,Basic
CUST_00444,37,Male,Kolkata,2025-02-08,Basic
CUST_00445,39,Male,Mumbai,2024-09-08,Plus
CUST_00446,28,Female,Bengaluru,2025-01-27,Premium
CUST_00447,27,Male,Bengaluru,2024-10-09,Premium
CUST_00448,32,Male,Hyderabad,2025-01-02,Plus
CUST_00449,32,Female,Bengaluru,2024-11-09,Basic
CUST_00450,31,Male,Delhi,2024-10-19,Basic
CUST_00451,32,Female,Pune,2024-11-09,Plus
CUST_00452,25,Male,Chennai,2024-07-20,Plus
CUST_00453,37,Female,Ahmedabad,2024-07-24,Basic
CUST_00454,36,Female,Mumbai,2025-02-12,Premium
CUST_00455,20,Female,Bengaluru,2024-12-01,Basic
CUST_00456,28,Male,Pune,2025-02-15,Basic
CUST_00457,32,Female,Pune,2025-01-18,Basic
CUST_00458,27,Female,Delhi,2024-08-07,Basic
CUST_00459,36,Male,Kolkata,2025-03-17,Basic
CUST_00460,30,Male,Pune,2025-01-04,Basic
CUST_00461,32,Female,Ahmedabad,2024-08-26,Basic
CUST_00462,28,Female,Hyderabad,2024-07-20,Plus
CUST_00463,18,Male,Pune,2025-03-30,Plus
CUST_00464,18,Female,Kochi,2024-10-27,Plus
CUST_00465,36,Male,Pune,2024-09-09,Premium
CUST_00466,33,Male,Bengaluru,2024-07-04,Basic
CUST_00467,35,Female,Mumbai,2025-02-06,Basic
CUST_00468,32,Female,Delhi,2024-07-14,Premium
CUST_00469,33,Female,Chennai,2024-07-03,Basic
CUST_00470,39,Other,Kochi,2025-02-01,Premium
CUST_00471,35,Male,Chennai,2025-02-14,Basic
CUST_00472,39,Male,Chennai,2025-01-02,Premium
CUST_00473,32,Male,Jaipur,2024-08-24,Basic
CUST_00474,29,Female,Mumbai,2025-03-11,Premium
CUST_00475,33,Female,Bengaluru,2024-07-24,Basic
CUST_00476,24,Male,Delhi,2024-12-09,Premium
CUST_00477,28,Male,Delhi,2024-12-05,Basic
CUST_00478,32,Male,Bengaluru,2024-09-20,Plus
CUST_00479,32,Female,Kochi,2024-12-06,Premium
CUST_00480,30,Male,Mumbai,2025-01-04,Basic
CUST_00481,20,Male,Mumbai,2024-08-29,Plus
CUST_00482,36,Female,Mumbai,2025-01-27,Plus
CUST_00483,38,Female,Delhi,2024-11-29,Basic
CUST_00484,44,Female,Chennai,2024-10-17,Plus
CUST_00485,35,Female,Chennai,2024-09-14,Plus
CUST_00486,31,Male,Mumbai,2024-07-30,Premium
CUST_00487,23,Female,Kolkata,2024-10-25,Basic
CUST_00488,43,Female,Bengaluru,2025-01-08,Basic
CUST_00489,33,Female,Delhi,2024-07-19,Premium
CUST_00490,33,Male,Kolkata,2024-12-20,Premium
CUST_00491,29,Male,Bengaluru,2025-02-13,Basic
CUST_00492,28,Male,Bengaluru,2024-12-30,Plus
CUST_00493,37,Male,Hyderabad,2024-10-21,Basic
CUST_00494,23,Female,Delhi,2024-12-30,Basic
CUST_00495,44,Male,Bengaluru,2024-11-23,Basic
CUST_00496,42,Male,Hyderabad,2024-10-24,Basic
CUST_00497,28,Male,Mumbai,2024-10-21,Plus
CUST_00498,24,Male,Delhi,2025-03-08,Basic
CUST_00499,18,Male,Chennai,2025-03-08,Premium
CUST_00500,21,Male,Hyderabad,2024-10-26,Premium
CUST_00501,37,Male,Pune,2024-12-08,Plus
CUST_00502,34,Female,Jaipur,2025-01-14,Basic
CUST_00503,35,Female,Ahmedabad,2025-03-17,Basic
CUST_00504,18,Male,Mumbai,2024-11-25,Plus
CUST_00505,28,Female,Hyderabad,2025-02-25,Plus
CUST_00506,42,Female,Hyderabad,2024-08-16,Basic
CUST_00507,30,Female,Bengaluru,2025-01-14,Premium
CUST_00508,21,Male,Bengaluru,2024-08-16,Plus
CUST_00509,30,Male,Delhi,2024-09-16,Premium
CUST_00510,25,Male,Chennai,2024-11-01,Plus
CUST_00511,34,Male,Chennai,2024-09-13,Plus
CUST_00512,31,Male,Kochi,2024-11-14,Basic
CUST_00513,35,Female,Chennai,2024-09-28,Premium
CUST_00514,21,Male,Bengaluru,2024-08-30,Premium
CUST_00515,27,Male,Bengaluru,2024-11-15,Basic
CUST_00516,40,Female,Delhi,2024-08-19,Basic
CUST_00517,20,Male,Delhi,2025-03-16,Basic
CUST_00518,23,Female,Hyderabad,2024-10-15,Plus
CUST_00519,33,Female,Mumbai,2024-10-21,Premium
CUST_00520,33,Female,Pune,2025-03-11,Basic
CUST_00521,27,Other,Kolkata,2024-10-26,Plus
CUST_00522,29,Male,Jaipur,2025-01-14,Basic
CUST_00523,35,Female,Kolkata,2024-08-20,Premium
CUST_00524,38,Female,Mumbai,2025-03-02,Plus
CUST_00525,22,Female,Chennai,2024-08-04,Plus
CUST_00526,34,Male,Bengaluru,2024-09-07,Basic
CUST_00527,43,Female,Bengaluru,2024-08-18,Basic
CUST_00528,30,Male,Delhi,2024-09-12,Basic
CUST_00529,22,Female,Kolkata,2025-01-08,Basic
CUST_00530,22,Male,Mumbai,2025-03-18,Premium
CUST_00531,30,Female,Bengaluru,2024-09-08,Plus
CUST_00532,39,Female,Mumbai,2024-09-28,Premium
CUST_00533,31,Male,Jaipur,2025-03-17,Premium
CUST_00534,33,Male,Delhi,2024-11-03,Plus
CUST_00535,23,Male,Kolkata,2025-02-16,Plus
CUST_00536,39,Female,Kolkata,2024-11-06,Premium
CUST_00537,22,Female,Jaipur,2024-10-08,Plus
CUST_00538,27,Female,Pune,2024-12-29,Basic
CUST_00539,36,Female,Pune,2024-12-21,Basic
CUST_00540,18,Female,Chennai,2025-01-04,Basic
CUST_00541,32,Male,Bengaluru,2024-08-26,Premium
CUST_00542,23,Male,Mumbai,2024-07-31,Plus
CUST_00543,31,Female,Bengaluru,2024-09-22,Basic
CUST_00544,28,Male,Kochi,2024-11-29,Plus
CUST_00545,48,Male,Chennai,2024-08-05,Plus
CUST_00546,28,Male,Kolkata,2025-01-29,Basic
CUST_00547,46,Male,Hyderabad,2024-10-14,Basic
CUST_00548,36,Female,Hyderabad,2025-02-05,Plus
CUST_00549,25,Male,Jaipur,2024-12-10,Basic
CUST_00550,34,Female,Hyderabad,2025-02-05,Plus
CUST_00551,29,Male,Hyderabad,2025-03-27,Basic
CUST_00552,33,Male,Bengaluru,2024-10-28,Premium
CUST_00553,25,Male,Delhi,2024-12-29,Plus
CUST_00554,45,Female,Chennai,2024-10-14,Plus
CUST_00555,38,Female,Delhi,2025-02-02,Premium
CUST_00556,31,Female,Delhi,2025-01-21,Basic
CUST_00557,45,Female,Pune,2024-09-08,Basic
CUST_00558,32,Female,Pune,2024-08-13,Basic
CUST_00559,40,Female,Mumbai,2025-02-13,Plus
CUST_00560,31,Female,Hyderabad,2024-12-31,Plus
CUST_00561,34,Female,Kolkata,2024-10-15,Plus
CUST_00562,30,Male,Chennai,2024-09-22,Basic
CUST_00563,32,Female,Mumbai,2025-03-07,Basic
CUST_00564,32,Female,Hyderabad,2024-07-21,Basic
CUST_00565,26,Female,Kolkata,2025-01-12,Basic
CUST_00566,28,Male,Hyderabad,2024-12-25,Plus
CUST_00567,29,Female,Hyderabad,2024-07-07,Basic
CUST_00568,33,Female,Delhi,2024-09-08,Basic
CUST_00569,31,Male,Delhi,2024-11-04,Premium
CUST_00570,40,Female,Bengaluru,2024-12-07,Basic
CUST_00571,38,Male,Mumbai,2025-03-05,Basic
CUST_00572,29,Male,Pune,2025-01-19,Plus
CUST_00573,42,Male,Kochi,2024-11-25,Basic
CUST_00574,46,Male,Delhi,2024-11-20,Plus
CUST_00575,18,Female,Hyderabad,2025-01-15,Premium
CUST_00576,38,Male,Chennai,2024-12-01,Premium
CUST_00577,25,Male,Ahmedabad,2024-11-19,Basic
CUST_00578,37,Male,Kolkata,2024-12-12,Premium
CUST_00579,41,Male,Chennai,2024-07-21,Basic
CUST_00580,24,Male,Chennai,2024-09-20,Basic
CUST_00581,18,Female,Pune,2024-09-07,Basic
CUST_00582,38,Male,Hyderabad,2024-11-08,Premium
CUST_00583,32,Female,Chennai,2024-09-25,Basic
CUST_00584,18,Female,Bengaluru,2025-02-03,Basic
CUST_00585,51,Male,Chennai,2024-12-08,Plus
CUST_00586,36,Female,Hyderabad,2024-12-25,Basic
CUST_00587,36,Male,Pune,2024-10-25,Basic
CUST_00588,42,Male,Hyderabad,2025-01-12,Basic
CUST_00589,26,Male,Hyderabad,2024-09-24,Basic
CUST_00590,32,Male,Chennai,2024-09-19,Basic
CUST_00591,20,Female,Mumbai,2024-11-29,Basic
CUST_00592,26,Female,Chennai,2024-08-30,Plus
CUST_00593,34,Male,Mumbai,2024-08-30,Basic
CUST_00594,18,Female,Pune,2024-07-28,Basic
CUST_00595,26,Male,Bengaluru,2024-08-12,Premium
CUST_00596,24,Female,Bengaluru,2024-12-16,Basic
CUST_00597,32,Male,Bengaluru,2024-09-24,Plus
CUST_00598,36,Male,Mumbai,2024-12-24,Basic
CUST_00599,37,Male,Kolkata,2024-07-17,Basic
CUST_00600,39,Male,Bengaluru,2024-10-06,Basic
CUST_00601,42,Female,Jaipur,2025-01-14,Basic
CUST_00602,36,Female,Bengaluru,2024-10-06,Basic
CUST_00603,46,Male,Kolkata,2024-09-03,Basic
CUST_00604,32,Female,Mumbai,2024-07-05,Basic
CUST_00605,30,Female,Delhi,2024-07-02,Basic
CUST_00606,36,Female,Mumbai,2024-07-22,Basic
CUST_00607,29,Male,Mumbai,2024-10-20,Basic
CUST_00608,46,Male,Kolkata,2024-08-26,Basic
CUST_00609,40,Female,Pune,2024-09-04,Basic
CUST_00610,37,Female,Mumbai,2024-10-06,Plus
CUST_00611,32,Male,Bengaluru,2024-11-21,Basic
CUST_00612,28,Male,Bengaluru,2024-11-02,Plus
CUST_00613,37,Male,Kolkata,2024-12-14,Plus
CUST_00614,22,Female,Mumbai,2024-09-24,Basic
CUST_00615,43,Female,Mumbai,2024-09-14,Premium
CUST_00616,30,Male,Delhi,2024-08-28,Premium
CUST_00617,33,Female,Kolkata,2024-11-15,Basic
CUST_00618,24,Female,Delhi,2024-10-07,Basic
CUST_00619,37,Female,Pune,2025-01-08,Plus
CUST_00620,27,Female,Pune,2025-02-28,Plus
CUST_00621,36,Female,Hyderabad,2024-08-18,Basic
CUST_00622,37,Male,Chennai,2024-08-01,Basic
CUST_00623,26,Female,Kolkata,2024-07-20,Basic
CUST_00624,22,Male,Hyderabad,2024-12-01,Basic
CUST_00625,43,Male,Ahmedabad,2024-09-06,Plus
CUST_00626,29,Male,Bengaluru,2025-01-30,Basic
CUST_00627,33,Male,Bengaluru,2024-11-20,Basic
CUST_00628,35,Male,Jaipur,2025-02-17,Plus
CUST_00629,21,Male,Delhi,2025-01-29,Basic
CUST_00630,35,Female,Hyderabad,2024-09-17,Basic
CUST_00631,32,Male,Pune,2025-01-30,Plus
CUST_00632,26,Female,Delhi,2024-10-24,Premium
CUST_00633,22,Male,Mumbai,2024-09-30,Basic
CUST_00634,36,Female,Bengaluru,2025-03-27,Basic
CUST_00635,40,Female,Kolkata,2024-12-15,Basic
CUST_00636,32,Male,Ahmedabad,2024-08-27,Basic
CUST_00637,20,Female,Chennai,2024-07-26,Basic
CUST_00638,23,Female,Kolkata,2024-09-04,Basic
CUST_00639,28,Female,Ahmedabad,2025-03-05,Basic
CUST_00640,44,Female,Mumbai,2025-03-11,Basic
CUST_00641,29,Female,Delhi,2024-08-13,Basic
CUST_00642,27,Female,Hyderabad,2024-10-05,Basic
CUST_00643,18,Male,Chennai,2024-08-11,Basic
CUST_00644,26,Male,Pune,2025-02-12,Basic
CUST_00645,21,Female,Ahmedabad,2025-03-19,Basic
CUST_00646,23,Male,Delhi,2024-12-14,Premium
CUST_00647,32,Female,Mumbai,2024-09-27,Plus
CUST_00648,28,Male,Bengaluru,2024-12-25,Plus
CUST_00649,45,Female,Bengaluru,2025-01-13,Plus
CUST_00650,40,Other,Mumbai,2025-03-24,Basic
CUST_00651,26,Male,Bengaluru,2025-03-25,Basic
CUST_00652,24,Male,Mumbai,2024-09-12,Basic
CUST_00653,42,Female,Hyderabad,2024-07-08,Plus
CUST_00654,44,Female,Pune,2024-12-11,Plus
CUST_00655,18,Male,Chennai,2024-09-23,Basic
CUST_00656,32,Male,Delhi,2024-09-10,Basic
CUST_00657,29,Female,Mumbai,2024-08-24,Basic
CUST_00658,36,Female,Bengaluru,2024-08-16,Basic
CUST_00659,47,Male,Bengaluru,2025-02-23,Plus
CUST_00660,27,Male,Chennai,2024-10-12,Plus
CUST_00661,18,Male,Ahmedabad,2025-01-26,Basic
CUST_00662,36,Male,Bengaluru,2024-08-11,Premium
CUST_00663,42,Male,Pune,2025-03-25,Plus
CUST_00664,29,Female,Kochi,2025-03-20,Basic
CUST_00665,25,Male,Kolkata,2025-03-16,Basic
CUST_00666,28,Female,Chennai,2024-10-22,Basic
CUST_00667,38,Male,Ahmedabad,2024-08-09,Basic
CUST_00668,27,Female,Bengaluru,2025-02-05,Basic
CUST_00669,34,Female,Mumbai,2024-11-06,Basic
CUST_00670,31,Male,Ahmedabad,2024-07-08,Basic
CUST_00671,30,Female,Delhi,2024-10-09,Basic
CUST_00672,37,Male,Hyderabad,2024-12-23,Premium
CUST_00673,27,Female,Chennai,2024-10-15,Basic
CUST_00674,28,Female,Hyderabad,2024-10-09,Basic
CUST_00675,37,Male,Mumbai,2025-03-17,Basic
CUST_00676,23,Male,Hyderabad,2025-03-03,Premium
CUST_00677,24,Male,Kochi,2024-08-01,Basic
CUST_00678,21,Female,Jaipur,2024-11-14,Basic
CUST_00679,38,Male,Ahmedabad,2024-07-12,Premium
CUST_00680,30,Male,Hyderabad,2024-07-16,Premium
CUST_00681,20,Male,Pune,2024-11-06,Plus
CUST_00682,38,Male,Ahmedabad,2024-09-01,Basic
CUST_00683,27,Female,Kolkata,2024-10-17,Basic
CUST_00684,24,Male,Hyderabad,2024-07-21,Plus
CUST_00685,29,Female,Bengaluru,2024-12-05,Premium
CUST_00686,43,Male,Bengaluru,2025-03-26,Plus
CUST_00687,28,Male,Delhi,2024-12-09,Plus
CUST_00688,36,Female,Delhi,2025-03-17,Basic
CUST_00689,37,Other,Kolkata,2024-10-10,Plus
CUST_00690,35,Female,Chennai,2025-02-08,Basic
CUST_00691,41,Male,Bengaluru,2024-08-28,Basic
CUST_00692,25,Male,Hyderabad,2025-03-04,Basic
CUST_00693,23,Female,Hyderabad,2024-11-05,Basic
CUST_00694,22,Male,Bengaluru,2024-07-25,Basic
CUST_00695,30,Male,Delhi,2024-11-08,Basic
CUST_00696,23,Female,Mumbai,2025-01-12,Plus
CUST_00697,32,Female,Pune,2024-12-01,Basic
CUST_00698,32,Other,Hyderabad,2024-11-10,Plus
CUST_00699,39,Female,Hyderabad,2025-02-12,Basic
CUST_00700,33,Female,Mumbai,2025-01-05,Basic
CUST_00701,28,Male,Ahmedabad,2025-03-22,Basic
CUST_00702,34,Male,Bengaluru,2024-11-11,Basic
CUST_00703,23,Female,Kolkata,2025-01-27,Basic
CUST_00704,31,Female,Hyderabad,2024-08-29,Basic
CUST_00705,34,Male,Kolkata,2025-01-29,Basic
CUST_00706,32,Male,Kolkata,2025-02-01,Premium
CUST_00707,34,Male,Hyderabad,2025-02-11,Basic
CUST_00708,26,Female,Pune,2024-11-08,Plus
CUST_00709,40,Male,Bengaluru,2024-09-14,Basic
CUST_00710,46,Male,Ahmedabad,2024-12-03,Plus
CUST_00711,18,Female,Hyderabad,2025-03-05,Plus
CUST_00712,21,Female,Mumbai,2025-02-03,Plus
CUST_00713,31,Male,Pune,2025-01-06,Basic
CUST_00714,29,Female,Kolkata,2024-12-10,Basic
CUST_00715,46,Female,Chennai,2024-12-27,Basic
CUST_00716,33,Male,Delhi,2024-08-03,Premium
CUST_00717,42,Male,Hyderabad,2024-08-10,Plus
CUST_00718,18,Male,Hyderabad,2024-09-13,Premium
CUST_00719,38,Male,Pune,2024-12-23,Basic
CUST_00720,25,Female,Hyderabad,2024-11-27,Plus
CUST_00721,25,Male,Hyderabad,2025-03-30,Premium
CUST_00722,29,Female,Kolkata,2024-10-16,Basic
CUST_00723,20,Male,Bengaluru,2024-11-16,Basic
CUST_00724,35,Male,Delhi,2025-03-28,Plus
CUST_00725,33,Female,Chennai,2025-01-28,Plus
CUST_00726,33,Male,Bengaluru,2025-03-29,Plus
CUST_00727,38,Male,Bengaluru,2024-09-04,Basic
CUST_00728,43,Male,Delhi,2025-03-05,Plus
CUST_00729,28,Male,Pune,2024-12-03,Basic
CUST_00730,35,Female,Bengaluru,2024-08-16,Basic
CUST_00731,33,Male,Bengaluru,2025-01-17,Basic
CUST_00732,34,Female,Ahmedabad,2024-11-25,Plus
CUST_00733,34,Female,Bengaluru,2024-11-01,Plus
CUST_00734,44,Male,Ahmedabad,2024-07-01,Basic
CUST_00735,27,Male,Chennai,2025-03-04,Basic
CUST_00736,19,Female,Pune,2024-11-05,Premium
CUST_00737,25,Female,Chennai,2025-01-07,Basic
CUST_00738,37,Male,Kolkata,2024-09-05,Plus
CUST_00739,31,Female,Pune,2024-07-04,Basic
CUST_00740,27,Male,Hyderabad,2024-11-20,Basic
CUST_00741,22,Female,Bengaluru,2025-01-07,Basic
CUST_00742,33,Male,Pune,2024-07-21,Basic
CUST_00743,36,Female,Delhi,2025-02-12,Plus
CUST_00744,33,Female,Bengaluru,2024-10-25,Basic
CUST_00745,29,Male,Bengaluru,2024-11-19,Basic
CUST_00746,32,Male,Kolkata,2024-08-08,Premium
CUST_00747,32,Male,Chennai,2025-03-09,Basic
CUST_00748,33,Other,Delhi,2025-01-23,Basic
CUST_00749,22,Male,Mumbai,2025-01-26,Premium
CUST_00750,33,Male,Ahmedabad,2024-10-23,Plus
CUST_00751,27,Female,Jaipur,2025-02-10,Basic
CUST_00752,39,Male,Kochi,2024-11-11,Premium
CUST_00753,32,Female,Bengaluru,2025-03-08,Plus
CUST_00754,38,Female,Ahmedabad,2025-02-04,Basic
CUST_00755,29,Male,Chennai,2024-09-29,Basic
CUST_00756,29,Female,Delhi,2024-08-15,Plus
CUST_00757,43,Male,Mumbai,2024-08-07,Plus
CUST_00758,34,Male,Bengaluru,2024-11-19,Basic
CUST_00759,25,Female,Jaipur,2024-10-08,Premium
CUST_00760,38,Female,Bengaluru,2025-01-06,Plus
CUST_00761,27,Male,Delhi,2024-08-04,Basic
CUST_00762,33,Female,Pune,2024-11-24,Basic
CUST_00763,46,Male,Kolkata,2024-07-30,Basic
CUST_00764,20,Male,Bengaluru,2024-09-22,Plus
CUST_00765,30,Female,Mumbai,2025-03-27,Basic
CUST_00766,34,Male,Kolkata,2024-12-01,Plus
CUST_00767,37,Male,Chennai,2024-10-10,Plus
CUST_00768,21,Female,Mumbai,2025-01-31,Premium
CUST_00769,19,Female,Chennai,2024-11-27,Basic
CUST_00770,40,Male,Mumbai,2024-09-21,Plus
CUST_00771,25,Female,Ahmedabad,2024-10-18,Basic
CUST_00772,25,Female,Mumbai,2025-01-17,Plus
CUST_00773,43,Female,Mumbai,2024-12-20,Basic
CUST_00774,32,Female,Hyderabad,2025-01-22,Basic
CUST_00775,32,Male,Mumbai,2024-09-01,Plus
CUST_00776,30,Male,Bengaluru,2024-09-11,Basic
CUST_00777,21,Male,Chennai,2025-03-08,Basic
CUST_00778,36,Female,Hyderabad,2024-11-01,Plus
CUST_00779,34,Female,Delhi,2024-10-29,Plus
CUST_00780,32,Female,Mumbai,2024-10-28,Plus
CUST_00781,30,Other,Hyderabad,2024-12-11,Plus
CUST_00782,29,Male,Hyderabad,2025-03-22,Basic
CUST_00783,38,Male,Chennai,2024-12-08,Basic
CUST_00784,30,Male,Jaipur,2024-09-27,Basic
CUST_00785,30,Male,Mumbai,2024-11-19,Basic
CUST_00786,35,Male,Bengaluru,2025-01-19,Premium
CUST_00787,33,Male,Bengaluru,2025-02-12,Plus
CUST_00788,44,Female,Kochi,2025-02-07,Basic
CUST_00789,18,Female,Chennai,2024-08-10,Basic
CUST_00790,33,Female,Kolkata,2025-01-12,Premium
CUST_00791,25,Female,Bengaluru,2024-09-06,Basic
CUST_00792,23,Male,Jaipur,2025-03-21,Plus
CUST_00793,27,Female,Ahmedabad,2024-07-02,Basic
CUST_00794,31,Female,Delhi,2024-11-02,Plus
CUST_00795,32,Female,Bengaluru,2024-10-18,Basic
CUST_00796,19,Male,Chennai,2024-09-24,Premium
CUST_00797,27,Male,Hyderabad,2024-10-28,Premium
CUST_00798,33,Male,Mumbai,2024-11-04,Plus
CUST_00799,24,Female,Chennai,2025-03-12,Plus
CUST_00800,22,Female,Bengaluru,2024-12-30,Premium
CUST_00801,18,Female,Delhi,2024-07-16,Plus
CUST_00802,26,Male,Mumbai,2024-08-31,Basic
CUST_00803,22,Female,Chennai,2024-12-05,Plus
CUST_00804,23,Female,Bengaluru,2025-03-25,Plus
CUST_00805,29,Male,Kochi,2024-08-04,Basic
CUST_00806,26,Male,Mumbai,2025-03-24,Plus
CUST_00807,22,Female,Pune,2024-09-02,Premium
CUST_00808,18,Male,Mumbai,2024-08-19,Premium
CUST_00809,33,Female,Bengaluru,2025-03-12,Basic
CUST_00810,37,Other,Chennai,2024-11-26,Basic
CUST_00811,28,Female,Hyderabad,2024-12-19,Premium
CUST_00812,29,Female,Kolkata,2025-01-17,Plus
CUST_00813,31,Female,Delhi,2024-08-04,Basic
CUST_00814,44,Female,Chennai,2025-02-01,Premium
CUST_00815,18,Male,Kochi,2024-09-03,Premium
CUST_00816,28,Male,Hyderabad,2024-07-08,Basic
CUST_00817,18,Male,Kochi,2024-09-14,Plus
CUST_00818,34,Female,Kochi,2024-12-21,Basic
CUST_00819,30,Male,Chennai,2024-08-16,Basic
CUST_00820,33,Male,Hyderabad,2024-07-15,Basic
CUST_00821,32,Male,Mumbai,2024-11-24,Plus
CUST_00822,39,Female,Delhi,2024-07-26,Basic
CUST_00823,35,Female,Mumbai,2024-10-01,Basic
CUST_00824,38,Other,Kochi,2025-02-17,Basic
CUST_00825,22,Female,Pune,2024-07-21,Basic
CUST_00826,41,Female,Chennai,2024-08-07,Premium
CUST_00827,25,Female,Bengaluru,2024-12-04,Basic
CUST_00828,26,Female,Delhi,2024-12-26,Basic
CUST_00829,33,Female,Bengaluru,2024-11-09,Plus
CUST_00830,33,Male,Pune,2024-07-28,Basic
CUST_00831,22,Female,Hyderabad,2025-03-17,Basic
CUST_00832,30,Male,Hyderabad,2024-09-14,Basic
CUST_00833,43,Male,Bengaluru,2024-09-05,Basic
CUST_00834,19,Female,Pune,2025-01-10,Basic
CUST_00835,43,Male,Bengaluru,2024-12-09,Basic
CUST_00836,29,Male,Pune,2025-03-14,Basic
CUST_00837,18,Female,Mumbai,2024-09-10,Premium
CUST_00838,20,Male,Pune,2024-09-25,Basic
CUST_00839,23,Female,Delhi,2025-03-19,Plus
CUST_00840,26,Female,Bengaluru,2025-01-30,Plus
CUST_00841,30,Female,Pune,2024-11-30,Basic
CUST_00842,18,Female,Bengaluru,2025-01-26,Plus
CUST_00843,32,Female,Mumbai,2024-08-30,Basic
CUST_00844,23,Female,Chennai,2025-03-25,Premium
CUST_00845,42,Female,Pune,2025-03-19,Basic
CUST_00846,29,Female,Jaipur,2025-02-03,Basic
CUST_00847,39,Female,Mumbai,2024-11-13,Basic
CUST_00848,40,Female,Mumbai,2024-10-01,Premium
CUST_00849,40,Male,Pune,2024-10-17,Basic
CUST_00850,26,Male,Bengaluru,2025-02-26,Plus
CUST_00851,26,Female,Jaipur,2024-11-19,Basic
CUST_00852,29,Male,Chennai,2025-02-22,Plus
CUST_00853,36,Male,Kochi,2024-12-24,Basic
CUST_00854,27,Female,Pune,2024-11-18,Premium
CUST_00855,30,Male,Pune,2025-01-05,Basic
CUST_00856,33,Male,Delhi,2024-08-18,Basic
CUST_00857,24,Other,Mumbai,2025-01-06,Basic
CUST_00858,23,Female,Delhi,2024-11-13,Basic
CUST_00859,30,Male,Bengaluru,2024-08-12,Plus
CUST_00860,31,Other,Delhi,2024-09-28,Basic
CUST_00861,34,Female,Delhi,2025-03-02,Plus
CUST_00862,36,Male,Ahmedabad,2025-01-08,Basic
CUST_00863,22,Male,Mumbai,2024-10-14,Basic
CUST_00864,25,Female,Bengaluru,2025-02-18,Basic
CUST_00865,23,Female,Chennai,2025-03-22,Basic
CUST_00866,42,Female,Delhi,2024-08-06,Plus
CUST_00867,30,Female,Chennai,2024-08-10,Basic
CUST_00868,31,Female,Chennai,2024-07-17,Basic
CUST_00869,31,Male,Kolkata,2024-08-28,Premium
CUST_00870,25,Female,Delhi,2024-12-30,Premium
CUST_00871,44,Male,Mumbai,2024-08-10,Basic
CUST_00872,34,Female,Hyderabad,2024-08-08,Basic
CUST_00873,31,Female,Pune,2025-01-08,Plus
CUST_00874,22,Male,Chennai,2025-03-24,Basic
CUST_00875,22,Female,Pune,2024-11-24,Basic
CUST_00876,29,Male,Bengaluru,2024-11-04,Basic
CUST_00877,25,Male,Ahmedabad,2024-08-15,Plus
CUST_00878,22,Female,Mumbai,2024-08-14,Plus
CUST_00879,28,Male,Hyderabad,2024-07-01,Basic
CUST_00880,29,Female,Delhi,2024-12-15,Basic
CUST_00881,32,Male,Delhi,2024-10-16,Basic
CUST_00882,27,Female,Bengaluru,2024-07-19,Plus
CUST_00883,23,Female,Pune,2024-09-10,Basic
CUST_00884,23,Female,Chennai,2024-10-17,Basic
CUST_00885,41,Female,Ahmedabad,2025-03-25,Plus
CUST_00886,21,Female,Kolkata,2025-02-25,Basic
CUST_00887,34,Male,Hyderabad,2024-09-28,Plus
CUST_00888,35,Male,Kolkata,2024-10-11,Basic
CUST_00889,30,Male,Hyderabad,2025-03-07,Basic
CUST_00890,45,Male,Bengaluru,2024-07-08,Basic
CUST_00891,35,Female,Kochi,2024-11-30,Plus
CUST_00892,46,Male,Delhi,2024-12-21,Premium
CUST_00893,26,Female,Mumbai,2024-12-05,Plus
CUST_00894,26,Female,Hyderabad,2025-01-31,Basic
CUST_00895,35,Male,Hyderabad,2024-12-24,Plus
CUST_00896,29,Female,Kochi,2024-12-22,Basic
CUST_00897,44,Male,Bengaluru,2024-11-23,Basic
CUST_00898,34,Male,Hyderabad,2024-12-08,Premium
CUST_00899,23,Male,Mumbai,2024-11-04,Basic
CUST_00900,18,Female,Mumbai,2024-09-20,Basic
CUST_00901,30,Female,Mumbai,2024-11-24,Basic
CUST_00902,30,Male,Chennai,2025-02-24,Basic
CUST_00903,34,Male,Bengaluru,2024-09-22,Basic
CUST_00904,41,Female,Chennai,2024-10-21,Plus
CUST_00905,40,Male,Jaipur,2025-02-10,Basic
CUST_00906,26,Female,Bengaluru,2025-02-28,Premium
CUST_00907,21,Female,Pune,2024-11-20,Plus
CUST_00908,21,Male,Pune,2024-08-10,Basic
CUST_00909,25,Female,Kolkata,2025-03-15,Basic
CUST_00910,28,Female,Ahmedabad,2024-10-13,Basic
CUST_00911,33,Female,Chennai,2025-01-18,Plus
CUST_00912,25,Female,Chennai,2025-03-23,Basic
CUST_00913,33,Male,Mumbai,2025-01-26,Plus
CUST_00914,34,Male,Chennai,2024-08-20,Basic
CUST_00915,32,Other,Pune,2024-10-26,Plus
CUST_00916,22,Female,Delhi,2025-01-17,Basic
CUST_00917,35,Male,Ahmedabad,2024-08-08,Basic
CUST_00918,48,Female,Bengaluru,2024-07-28,Premium
CUST_00919,33,Male,Jaipur,2025-03-16,Plus
CUST_00920,18,Male,Chennai,2024-09-22,Basic
CUST_00921,41,Female,Mumbai,2024-12-02,Premium
CUST_00922,25,Male,Hyderabad,2024-10-25,Basic
CUST_00923,49,Female,Pune,2024-07-02,Premium
CUST_00924,32,Male,Hyderabad,2024-10-01,Plus
CUST_00925,18,Female,Jaipur,2024-12-13,Basic
CUST_00926,18,Male,Ahmedabad,2025-03-15,Basic
CUST_00927,43,Female,Ahmedabad,2024-09-19,Basic
CUST_00928,40,Female,Bengaluru,2025-03-25,Basic
CUST_00929,49,Male,Kolkata,2025-02-20,Plus
CUST_00930,31,Female,Pune,2025-01-29,Basic
CUST_00931,31,Male,Bengaluru,2024-08-31,Basic
CUST_00932,28,Male,Bengaluru,2024-08-18,Plus
CUST_00933,26,Female,Bengaluru,2024-11-04,Premium
CUST_00934,28,Male,Bengaluru,2025-02-08,Basic
CUST_00935,33,Female,Mumbai,2024-10-15,Basic
CUST_00936,24,Female,Kochi,2024-11-23,Basic
CUST_00937,18,Female,Hyderabad,2024-10-07,Basic
CUST_00938,32,Male,Mumbai,2024-09-11,Premium
CUST_00939,24,Male,Kochi,2024-10-30,Basic
CUST_00940,18,Male,Chennai,2024-07-30,Plus
CUST_00941,35,Female,Kolkata,2025-01-04,Basic
CUST_00942,22,Female,Mumbai,2025-01-11,Plus
CUST_00943,36,Female,Mumbai,2024-12-03,Plus
CUST_00944,36,Male,Hyderabad,2024-12-19,Plus
CUST_00945,33,Male,Mumbai,2024-08-10,Basic
CUST_00946,51,Male,Bengaluru,2024-09-01,Basic
CUST_00947,30,Male,Pune,2024-07-23,Basic
CUST_00948,29,Male,Chennai,2024-09-13,Premium
CUST_00949,36,Male,Ahmedabad,2024-08-17,Premium
CUST_00950,31,Male,Hyderabad,2024-12-07,Plus
CUST_00951,40,Male,Bengaluru,2024-10-26,Plus
CUST_00952,21,Male,Pune,2024-10-08,Plus
CUST_00953,21,Male,Bengaluru,2024-12-14,Basic
CUST_00954,37,Male,Pune,2024-12-03,Premium
CUST_00955,22,Male,Kochi,2024-07-07,Basic
CUST_00956,36,Female,Pune,2025-01-12,Basic
CUST_00957,34,Male,Bengaluru,2024-08-25,Basic
CUST_00958,25,Male,Delhi,2025-01-09,Basic
CUST_00959,34,Male,Pune,2024-08-16,Basic
CUST_00960,21,Male,Kolkata,2024-11-25,Plus
CUST_00961,23,Male,Bengaluru,2024-12-04,Basic
CUST_00962,29,Male,Mumbai,2025-01-18,Plus
CUST_00963,32,Female,Mumbai,2024-11-03,Basic
CUST_00964,29,Male,Bengaluru,2024-09-02,Basic
CUST_00965,34,Male,Hyderabad,2024-12-23,Basic
CUST_00966,34,Female,Mumbai,2024-10-24,Basic
CUST_00967,43,Male,Kolkata,2025-01-20,Plus
CUST_00968,30,Male,Jaipur,2024-07-31,Basic
CUST_00969,41,Female,Delhi,2024-10-21,Plus
CUST_00970,38,Female,Hyderabad,2024-09-05,Basic
CUST_00971,49,Male,Chennai,2024-09-13,Plus
CUST_00972,30,Male,Kochi,2024-08-14,Premium
CUST_00973,28,Male,Kochi,2025-03-17,Plus
CUST_00974,41,Male,Jaipur,2024-12-01,Basic
CUST_00975,34,Female,Pune,2024-12-02,Basic
CUST_00976,41,Male,Hyderabad,2025-02-19,Basic
CUST_00977,37,Male,Kolkata,2024-08-20,Plus
CUST_00978,18,Female,Hyderabad,2025-03-19,Basic
CUST_00979,34,Female,Hyderabad,2024-11-02,Basic
CUST_00980,33,Male,Pune,2025-03-02,Plus
CUST_00981,32,Female,Bengaluru,2024-07-30,Basic
CUST_00982,30,Male,Bengaluru,2024-10-30,Plus
CUST_00983,18,Female,Mumbai,2024-11-02,Basic
CUST_00984,38,Male,Mumbai,2024-08-06,Basic
CUST_00985,34,Male,Ahmedabad,2024-12-17,Plus
CUST_00986,40,Male,Bengaluru,2024-11-01,Basic
CUST_00987,19,Male,Bengaluru,2024-08-04,Plus
CUST_00988,35,Male,Bengaluru,2024-09-25,Basic
CUST_00989,29,Female,Bengaluru,2024-11-11,Basic
CUST_00990,32,Female,Bengaluru,2025-01-12,Plus
CUST_00991,29,Male,Delhi,2025-03-31,Plus
CUST_00992,35,Male,Hyderabad,2025-01-17,Plus
CUST_00993,30,Male,Pune,2024-09-15,Basic
CUST_00994,23,Female,Kochi,2024-08-28,Plus
CUST_00995,32,Female,Delhi,2024-11-03,Basic
CUST_00996,29,Female,Bengaluru,2024-10-17,Basic
CUST_00997,30,Female,Bengaluru,2025-02-09,Premium
CUST_00998,18,Male,Ahmedabad,2024-09-06,Basic
CUST_00999,36,Male,Mumbai,2024-09-07,Premium
CUST_01000,28,Female,Kolkata,2024-12-12,Basic
CUST_01001,20,Female,Kolkata,2024-12-09,Basic
CUST_01002,38,Male,Jaipur,2024-08-11,Basic
CUST_01003,36,Male,Jaipur,2024-10-17,Premium
CUST_01004,28,Female,Mumbai,2024-08-20,Plus
CUST_01005,22,Male,Hyderabad,2025-03-07,Plus
CUST_01006,32,Male,Kochi,2024-07-21,Plus
CUST_01007,32,Female,Mumbai,2024-11-16,Plus
CUST_01008,38,Male,Bengaluru,2024-09-30,Plus
CUST_01009,27,Male,Delhi,2024-11-02,Basic
CUST_01010,41,Female,Delhi,2024-10-19,Basic
CUST_01011,27,Female,Ahmedabad,2024-11-16,Basic
CUST_01012,20,Other,Delhi,2025-03-30,Premium
CUST_01013,22,Male,Hyderabad,2024-10-07,Premium
CUST_01014,31,Male,Kochi,2025-03-09,Basic
CUST_01015,30,Female,Kolkata,2024-10-12,Plus
CUST_01016,34,Female,Delhi,2025-01-30,Premium
CUST_01017,30,Male,Chennai,2025-03-06,Basic
CUST_01018,39,Female,Hyderabad,2024-11-29,Plus
CUST_01019,29,Male,Delhi,2025-03-07,Premium
CUST_01020,18,Male,Bengaluru,2024-12-12,Basic
CUST_01021,30,Male,Chennai,2024-07-08,Plus
CUST_01022,18,Male,Pune,2024-07-05,Basic
CUST_01023,33,Male,Mumbai,2024-11-22,Premium
CUST_01024,39,Female,Hyderabad,2024-10-09,Premium
CUST_01025,23,Female,Bengaluru,2024-12-11,Premium
CUST_01026,42,Female,Mumbai,2024-11-24,Basic
CUST_01027,38,Male,Pune,2024-09-02,Premium
CUST_01028,41,Male,Chennai,2024-09-29,Plus
CUST_01029,33,Male,Bengaluru,2024-10-25,Basic
CUST_01030,23,Male,Delhi,2025-03-24,Plus
CUST_01031,37,Female,Kochi,2024-12-20,Basic
CUST_01032,26,Female,Delhi,2024-08-16,Plus
CUST_01033,32,Female,Bengaluru,2024-11-17,Basic
CUST_01034,30,Male,Hyderabad,2025-03-03,Basic
CUST_01035,40,Male,Ahmedabad,2024-11-26,Basic
CUST_01036,37,Male,Chennai,2025-03-03,Plus
CUST_01037,30,Male,Delhi,2024-07-05,Basic
CUST_01038,18,Female,Hyderabad,2024-12-31,Plus
CUST_01039,26,Other,Chennai,2024-07-20,Basic
CUST_01040,37,Male,Kolkata,2024-08-15,Basic
CUST_01041,33,Female,Pune,2024-07-12,Basic
CUST_01042,19,Female,Delhi,2024-09-08,Plus
CUST_01043,18,Male,Chennai,2024-07-17,Basic
CUST_01044,33,Female,Bengaluru,2024-11-24,Plus
CUST_01045,23,Male,Delhi,2024-12-01,Premium
CUST_01046,23,Male,Mumbai,2024-10-16,Plus
CUST_01047,36,Female,Chennai,2025-02-21,Basic
CUST_01048,41,Female,Bengaluru,2024-09-08,Basic
CUST_01049,25,Male,Bengaluru,2024-12-30,Premium
CUST_01050,31,Male,Kochi,2025-03-07,Basic
CUST_01051,30,Female,Pune,2025-02-13,Premium
CUST_01052,30,Female,Jaipur,2024-10-10,Basic
CUST_01053,31,Female,Chennai,2024-09-13,Premium
CUST_01054,37,Male,Kochi,2025-02-01,Plus
CUST_01055,26,Female,Bengaluru,2025-01-19,Premium
CUST_01056,19,Male,Mumbai,2025-01-08,Basic
CUST_01057,45,Female,Kolkata,2025-03-06,Plus
CUST_01058,40,Male,Hyderabad,2025-02-27,Basic
CUST_01059,22,Female,Hyderabad,2024-12-26,Basic
CUST_01060,32,Male,Bengaluru,2025-02-04,Plus
CUST_01061,39,Male,Bengaluru,2024-09-20,Premium
CUST_01062,37,Male,Delhi,2024-09-30,Premium
CUST_01063,35,Male,Delhi,2024-12-22,Plus
CUST_01064,30,Female,Pune,2025-02-24,Basic
CUST_01065,45,Female,Mumbai,2025-03-17,Basic
CUST_01066,33,Female,Delhi,2024-12-10,Plus
CUST_01067,27,Male,Bengaluru,2024-08-17,Basic
CUST_01068,38,Female,Bengaluru,2024-10-24,Basic
CUST_01069,32,Female,Kochi,2025-02-10,Basic
CUST_01070,34,Male,Bengaluru,2024-11-24,Basic
CUST_01071,33,Male,Delhi,2024-09-01,Basic
CUST_01072,35,Female,Chennai,2024-07-13,Basic
CUST_01073,23,Female,Pune,2025-01-05,Basic
CUST_01074,19,Female,Pune,2025-01-24,Basic
CUST_01075,42,Male,Chennai,2024-10-22,Premium
CUST_01076,33,Female,Chennai,2024-07-22,Basic
CUST_01077,37,Male,Delhi,2025-01-30,Basic
CUST_01078,18,Female,Hyderabad,2024-12-18,Plus
CUST_01079,40,Female,Chennai,2024-08-23,Basic
CUST_01080,27,Male,Pune,2024-11-03,Premium
CUST_01081,25,Female,Bengaluru,2025-01-20,Plus
CUST_01082,30,Male,Kolkata,2025-01-10,Basic
CUST_01083,23,Other,Mumbai,2024-12-16,Basic
CUST_01084,31,Male,Bengaluru,2024-11-29,Premium
CUST_01085,30,Male,Pune,2024-08-04,Premium
CUST_01086,39,Male,Mumbai,2024-12-31,Basic
CUST_01087,43,Male,Chennai,2024-08-26,Plus
CUST_01088,43,Male,Hyderabad,2025-02-07,Basic
CUST_01089,18,Female,Chennai,2024-12-10,Premium
CUST_01090,24,Female,Chennai,2024-07-19,Basic
CUST_01091,18,Female,Bengaluru,2025-03-21,Premium
CUST_01092,21,Male,Hyderabad,2024-10-21,Plus
CUST_01093,26,Female,Chennai,2024-07-30,Plus
CUST_01094,34,Male,Delhi,2024-11-12,Basic
CUST_01095,27,Female,Delhi,2024-09-05,Basic
CUST_01096,27,Male,Mumbai,2024-09-03,Basic
CUST_01097,32,Female,Pune,2024-07-25,Basic
CUST_01098,18,Female,Kolkata,2024-08-06,Basic
CUST_01099,24,Female,Delhi,2024-07-01,Plus
CUST_01100,27,Male,Delhi,2024-08-06,Basic
CUST_01101,29,Male,Chennai,2024-11-18,Basic
CUST_01102,32,Male,Ahmedabad,2025-02-17,Premium
CUST_01103,43,Female,Bengaluru,2024-11-13,Premium
CUST_01104,38,Female,Hyderabad,2025-01-04,Premium
CUST_01105,25,Male,Pune,2024-11-05,Premium
CUST_01106,29,Female,Bengaluru,2025-01-17,Basic
CUST_01107,28,Female,Chennai,2024-11-04,Basic
CUST_01108,27,Female,Delhi,2025-03-14,Plus
CUST_01109,33,Male,Mumbai,2024-12-11,Plus
CUST_01110,18,Male,Pune,2024-08-04,Basic
CUST_01111,38,Male,Kolkata,2025-01-10,Plus
CUST_01112,45,Female,Bengaluru,2025-01-07,Basic
CUST_01113,29,Male,Bengaluru,2024-10-12,Basic
CUST_01114,29,Male,Delhi,2024-07-23,Basic
CUST_01115,32,Female,Chennai,2025-03-22,Plus
CUST_01116,39,Female,Delhi,2025-03-17,Plus
CUST_01117,28,Female,Bengaluru,2024-09-13,Basic
CUST_01118,38,Male,Mumbai,2024-09-10,Premium
CUST_01119,35,Male,Mumbai,2025-03-16,Basic
CUST_01120,50,Female,Delhi,2025-01-04,Basic
CUST_01121,28,Male,Mumbai,2024-12-20,Premium
CUST_01122,18,Male,Mumbai,2024-08-14,Premium
CUST_01123,20,Male,Hyderabad,2024-08-30,Premium
CUST_01124,31,Male,Bengaluru,2024-09-21,Plus
CUST_01125,39,Male,Bengaluru,2024-10-31,Plus
CUST_01126,26,Female,Hyderabad,2024-07-16,Plus
CUST_01127,29,Female,Hyderabad,2024-09-04,Basic
CUST_01128,36,Female,Mumbai,2024-11-22,Basic
CUST_01129,23,Male,Chennai,2024-12-09,Basic
CUST_01130,26,Male,Delhi,2025-02-19,Basic
CUST_01131,22,Male,Ahmedabad,2024-11-21,Plus
CUST_01132,40,Female,Chennai,2025-01-04,Basic
CUST_01133,43,Male,Chennai,2024-07-13,Basic
CUST_01134,18,Female,Bengaluru,2024-12-31,Basic
CUST_01135,30,Female,Delhi,2024-10-19,Plus
CUST_01136,42,Male,Mumbai,2025-01-31,Basic
CUST_01137,34,Male,Chennai,2024-10-28,Premium
CUST_01138,27,Female,Delhi,2024-08-24,Basic
CUST_01139,19,Female,Bengaluru,2024-07-27,Basic
CUST_01140,40,Male,Mumbai,2024-10-26,Plus
CUST_01141,34,Male,Mumbai,2025-02-06,Plus
CUST_01142,19,Female,Pune,2025-02-16,Basic
CUST_01143,41,Male,Bengaluru,2024-08-22,Plus
CUST_01144,18,Male,Ahmedabad,2025-02-18,Plus
CUST_01145,29,Male,Pune,2024-12-05,Basic
CUST_01146,29,Female,Chennai,2025-03-26,Premium
CUST_01147,44,Male,Chennai,2024-07-21,Plus
CUST_01148,29,Male,Hyderabad,2024-08-22,Plus
CUST_01149,29,Male,Kolkata,2025-01-30,Premium
CUST_01150,20,Female,Kolkata,2024-07-31,Premium
CUST_01151,26,Other,Mumbai,2024-12-30,Plus
CUST_01152,24,Female,Ahmedabad,2024-07-23,Plus
CUST_01153,25,Female,Bengaluru,2024-08-01,Plus
CUST_01154,31,Female,Bengaluru,2024-09-12,Plus
CUST_01155,18,Male,Jaipur,2024-07-10,Plus
CUST_01156,19,Male,Pune,2024-08-23,Plus
CUST_01157,30,Female,Mumbai,2024-08-21,Basic
CUST_01158,32,Male,Pune,2024-11-25,Premium
CUST_01159,29,Male,Jaipur,2024-12-07,Premium
CUST_01160,31,Female,Pune,2024-07-14,Basic
CUST_01161,28,Male,Kolkata,2024-12-25,Plus
CUST_01162,31,Male,Pune,2024-08-22,Basic
CUST_01163,34,Other,Bengaluru,2024-07-22,Basic
CUST_01164,34,Female,Kolkata,2024-07-30,Plus
CUST_01165,25,Male,Chennai,2025-01-07,Basic
CUST_01166,38,Other,Ahmedabad,2025-03-17,Plus
CUST_01167,32,Female,Mumbai,2025-01-21,Plus
CUST_01168,41,Female,Delhi,2024-08-28,Basic
CUST_01169,42,Male,Mumbai,2025-03-21,Basic
CUST_01170,19,Male,Bengaluru,2024-07-12,Basic
CUST_01171,24,Female,Chennai,2024-10-27,Plus
CUST_01172,38,Female,Kochi,2025-03-05,Premium
CUST_01173,18,Female,Kochi,2024-11-04,Plus
CUST_01174,42,Male,Hyderabad,2024-09-13,Basic
CUST_01175,28,Male,Kochi,2025-01-20,Plus
CUST_01176,36,Female,Kolkata,2024-08-18,Basic
CUST_01177,30,Male,Delhi,2024-09-17,Plus
CUST_01178,20,Female,Bengaluru,2025-02-26,Basic
CUST_01179,39,Male,Ahmedabad,2024-12-01,Plus
CUST_01180,53,Male,Mumbai,2025-03-31,Basic
CUST_01181,27,Female,Ahmedabad,2024-10-04,Premium
CUST_01182,28,Female,Kolkata,2025-01-30,Basic
CUST_01183,18,Male,Kolkata,2025-01-25,Plus
CUST_01184,42,Male,Pune,2024-09-26,Premium
CUST_01185,38,Female,Chennai,2025-03-21,Basic
CUST_01186,18,Male,Hyderabad,2024-12-04,Premium
CUST_01187,18,Female,Chennai,2024-12-03,Plus
CUST_01188,18,Female,Bengaluru,2024-11-16,Basic
CUST_01189,36,Male,Delhi,2024-10-29,Basic
CUST_01190,37,Female,Pune,2024-09-03,Plus
CUST_01191,24,Male,Kolkata,2024-10-15,Basic
CUST_01192,35,Female,Bengaluru,2024-11-24,Plus
CUST_01193,32,Male,Mumbai,2024-11-14,Basic
CUST_01194,28,Female,Bengaluru,2024-12-09,Plus
CUST_01195,39,Male,Bengaluru,2024-10-08,Basic
CUST_01196,21,Male,Bengaluru,2024-11-18,Premium
CUST_01197,40,Other,Pune,2024-09-21,Premium
CUST_01198,25,Female,Bengaluru,2024-12-24,Premium
CUST_01199,45,Female,Pune,2025-01-14,Plus
CUST_01200,23,Male,Chennai,2024-10-20,Basic
CUST_01201,28,Female,Ahmedabad,2024-08-25,Plus
CUST_01202,31,Male,Kolkata,2024-12-26,Basic
CUST_01203,31,Male,Jaipur,2025-01-02,Basic
CUST_01204,35,Female,Ahmedabad,2025-02-03,Basic
CUST_01205,21,Male,Jaipur,2025-02-02,Basic
CUST_01206,31,Female,Kolkata,2024-10-28,Plus
CUST_01207,32,Female,Pune,2024-12-22,Plus
CUST_01208,27,Female,Chennai,2024-07-23,Basic
CUST_01209,34,Female,Chennai,2025-01-29,Basic
CUST_01210,20,Female,Chennai,2025-02-20,Premium
CUST_01211,28,Male,Delhi,2024-07-13,Basic
CUST_01212,25,Female,Mumbai,2024-10-09,Basic
CUST_01213,28,Male,Ahmedabad,2024-07-24,Basic
CUST_01214,43,Male,Jaipur,2024-07-11,Plus
CUST_01215,43,Female,Hyderabad,2025-03-30,Plus
CUST_01216,41,Female,Mumbai,2024-10-02,Basic
CUST_01217,27,Female,Kochi,2025-01-17,Basic
CUST_01218,38,Male,Chennai,2024-07-21,Plus
CUST_01219,32,Female,Kolkata,2025-01-27,Plus
CUST_01220,31,Male,Chennai,2024-11-17,Basic
CUST_01221,30,Female,Delhi,2024-10-09,Premium
CUST_01222,45,Female,Chennai,2024-07-28,Basic
CUST_01223,42,Female,Ahmedabad,2024-08-10,Basic
CUST_01224,37,Male,Mumbai,2024-11-23,Premium
CUST_01225,30,Male,Chennai,2025-03-13,Basic
CUST_01226,31,Male,Chennai,2025-02-12,Plus
CUST_01227,35,Female,Mumbai,2025-02-21,Basic
CUST_01228,27,Female,Kochi,2024-07-13,Basic
CUST_01229,39,Male,Pune,2025-01-26,Premium
CUST_01230,24,Female,Mumbai,2025-02-14,Basic
CUST_01231,34,Female,Hyderabad,2024-10-08,Premium
CUST_01232,18,Female,Mumbai,2024-07-31,Basic
CUST_01233,27,Female,Pune,2024-07-16,Basic
CUST_01234,48,Female,Pune,2024-11-14,Basic
CUST_01235,39,Male,Hyderabad,2024-12-13,Plus
CUST_01236,43,Male,Pune,2024-10-08,Basic
CUST_01237,26,Male,Delhi,2024-10-17,Premium
CUST_01238,32,Female,Jaipur,2024-12-20,Basic
CUST_01239,41,Female,Jaipur,2025-02-22,Premium
CUST_01240,36,Female,Pune,2024-12-09,Basic
CUST_01241,35,Male,Pune,2025-02-01,Premium
CUST_01242,44,Male,Chennai,2025-03-21,Plus
CUST_01243,23,Male,Kolkata,2025-03-20,Plus
CUST_01244,30,Male,Hyderabad,2025-03-31,Plus
CUST_01245,18,Female,Chennai,2024-07-03,Plus
CUST_01246,22,Female,Hyderabad,2024-07-28,Plus
CUST_01247,40,Female,Kolkata,2024-11-26,Basic
CUST_01248,24,Female,Bengaluru,2024-07-28,Basic
CUST_01249,37,Male,Mumbai,2024-09-03,Premium
CUST_01250,44,Male,Mumbai,2024-07-21,Plus
CUST_01251,30,Male,Bengaluru,2025-03-09,Plus
CUST_01252,35,Female,Chennai,2025-02-20,Basic
CUST_01253,37,Female,Kolkata,2025-02-12,Basic
CUST_01254,21,Male,Kolkata,2024-07-13,Basic
CUST_01255,26,Male,Chennai,2024-08-18,Plus
CUST_01256,23,Male,Ahmedabad,2024-10-26,Basic
CUST_01257,27,Male,Pune,2024-08-23,Basic
CUST_01258,37,Male,Hyderabad,2024-11-15,Basic
CUST_01259,26,Male,Pune,2024-08-22,Basic
CUST_01260,31,Male,Kochi,2024-08-13,Plus
CUST_01261,23,Female,Mumbai,2024-08-22,Basic
CUST_01262,41,Female,Chennai,2024-09-12,Plus
CUST_01263,27,Male,Jaipur,2024-08-15,Basic
CUST_01264,43,Male,Delhi,2024-07-13,Basic
CUST_01265,31,Male,Bengaluru,2024-12-12,Basic
CUST_01266,20,Male,Delhi,2024-10-10,Basic
CUST_01267,30,Male,Mumbai,2025-03-15,Basic
CUST_01268,22,Female,Kolkata,2024-11-15,Basic
CUST_01269,36,Female,Mumbai,2024-12-10,Plus
CUST_01270,29,Female,Chennai,2024-10-19,Basic
CUST_01271,32,Male,Delhi,2024-10-10,Plus
CUST_01272,28,Female,Mumbai,2024-07-17,Premium
CUST_01273,27,Male,Chennai,2025-03-25,Plus
CUST_01274,23,Male,Delhi,2024-12-29,Basic
CUST_01275,38,Female,Kolkata,2024-07-24,Basic
CUST_01276,30,Female,Bengaluru,2024-07-29,Basic
CUST_01277,28,Female,Delhi,2024-12-18,Basic
CUST_01278,29,Female,Hyderabad,2025-02-13,Premium
CUST_01279,26,Female,Chennai,2025-01-04,Basic
CUST_01280,29,Female,Hyderabad,2025-02-15,Basic
CUST_01281,33,Female,Hyderabad,2024-10-27,Plus
CUST_01282,23,Female,Kolkata,2024-12-03,Plus
CUST_01283,24,Female,Chennai,2025-03-29,Plus
CUST_01284,42,Female,Pune,2024-12-22,Basic
CUST_01285,28,Female,Bengaluru,2024-10-12,Basic
CUST_01286,27,Male,Jaipur,2024-09-30,Basic
CUST_01287,20,Female,Delhi,2025-01-02,Basic
CUST_01288,38,Male,Pune,2024-12-28,Basic
CUST_01289,23,Male,Chennai,2024-12-17,Basic
CUST_01290,31,Male,Hyderabad,2025-01-03,Basic
CUST_01291,18,Female,Chennai,2024-12-22,Basic
CUST_01292,38,Female,Jaipur,2025-02-07,Basic
CUST_01293,40,Male,Mumbai,2025-02-18,Plus
CUST_01294,35,Male,Delhi,2024-12-09,Plus
CUST_01295,19,Male,Pune,2024-11-11,Plus
CUST_01296,38,Female,Hyderabad,2025-02-09,Basic
CUST_01297,24,Male,Pune,2024-11-30,Basic
CUST_01298,22,Male,Delhi,2024-08-02,Basic
CUST_01299,28,Male,Pune,2024-08-24,Plus
CUST_01300,28,Female,Mumbai,2024-07-07,Plus
CUST_01301,27,Male,Hyderabad,2025-03-01,Basic
CUST_01302,41,Female,Chennai,2024-11-03,Premium
CUST_01303,47,Male,Kolkata,2024-07-12,Basic
CUST_01304,20,Female,Delhi,2024-07-16,Basic
CUST_01305,25,Male,Mumbai,2025-01-24,Plus
CUST_01306,32,Male,Jaipur,2024-08-12,Premium
CUST_01307,28,Male,Bengaluru,2024-11-12,Plus
CUST_01308,34,Female,Kolkata,2025-02-13,Plus
CUST_01309,38,Female,Kochi,2024-10-19,Basic
CUST_01310,37,Female,Ahmedabad,2024-12-07,Plus
CUST_01311,36,Female,Kolkata,2025-03-21,Basic
CUST_01312,44,Male,Hyderabad,2025-02-10,Premium
CUST_01313,18,Female,Chennai,2025-02-02,Basic
CUST_01314,43,Female,Pune,2024-08-14,Plus
CUST_01315,28,Male,Chennai,2025-01-30,Basic
CUST_01316,37,Female,Chennai,2024-08-28,Plus
CUST_01317,23,Male,Pune,2024-11-09,Basic
CUST_01318,24,Male,Hyderabad,2024-10-12,Plus
CUST_01319,36,Male,Jaipur,2025-01-11,Basic
CUST_01320,18,Male,Kolkata,2024-12-04,Basic
CUST_01321,39,Female,Kolkata,2024-10-06,Basic
CUST_01322,41,Male,Pune,2025-02-11,Basic
CUST_01323,32,Male,Ahmedabad,2025-01-21,Premium
CUST_01324,32,Male,Kolkata,2024-09-17,Basic
CUST_01325,24,Female,Delhi,2024-11-01,Premium
CUST_01326,36,Female,Chennai,2025-02-03,Basic
CUST_01327,34,Male,Ahmedabad,2024-07-04,Basic
CUST_01328,24,Male,Kolkata,2024-09-28,Plus
CUST_01329,28,Male,Mumbai,2024-10-12,Plus
CUST_01330,30,Female,Bengaluru,2024-10-27,Basic
CUST_01331,28,Female,Delhi,2024-11-10,Plus
CUST_01332,20,Male,Bengaluru,2024-10-04,Plus
CUST_01333,37,Male,Jaipur,2024-11-20,Basic
CUST_01334,29,Female,Kochi,2024-07-28,Premium
CUST_01335,31,Female,Chennai,2025-02-18,Premium
CUST_01336,26,Male,Delhi,2024-07-17,Plus
CUST_01337,35,Male,Bengaluru,2024-08-28,Basic
CUST_01338,33,Male,Pune,2024-09-28,Plus
CUST_01339,41,Female,Hyderabad,2025-01-15,Basic
CUST_01340,35,Female,Delhi,2024-07-26,Basic
CUST_01341,29,Female,Hyderabad,2024-07-25,Basic
CUST_01342,25,Female,Bengaluru,2025-03-24,Basic
CUST_01343,38,Male,Hyderabad,2024-12-28,Premium
CUST_01344,29,Female,Bengaluru,2024-09-06,Plus
CUST_01345,30,Female,Delhi,2024-08-18,Plus
CUST_01346,30,Male,Bengaluru,2024-12-22,Basic
CUST_01347,28,Female,Mumbai,2024-08-21,Basic
CUST_01348,30,Male,Ahmedabad,2024-10-10,Basic
CUST_01349,46,Male,Kolkata,2025-02-01,Premium
CUST_01350,23,Female,Ahmedabad,2025-01-04,Basic
CUST_01351,24,Female,Jaipur,2024-08-26,Premium
CUST_01352,42,Female,Bengaluru,2024-08-16,Plus
CUST_01353,28,Male,Bengaluru,2024-12-06,Basic
CUST_01354,27,Female,Mumbai,2024-12-21,Plus
CUST_01355,39,Female,Ahmedabad,2025-02-27,Basic
CUST_01356,20,Male,Kochi,2025-02-26,Premium
CUST_01357,38,Other,Bengaluru,2024-07-05,Premium
CUST_01358,31,Female,Hyderabad,2024-09-22,Basic
CUST_01359,35,Male,Chennai,2025-03-05,Basic
CUST_01360,35,Female,Pune,2024-08-23,Plus
CUST_01361,26,Male,Delhi,2024-12-08,Premium
CUST_01362,39,Male,Bengaluru,2025-02-11,Basic
CUST_01363,27,Male,Mumbai,2024-07-15,Plus
CUST_01364,34,Other,Delhi,2025-02-09,Plus
CUST_01365,41,Male,Pune,2024-08-30,Plus
CUST_01366,42,Female,Bengaluru,2024-10-30,Basic
CUST_01367,29,Male,Ahmedabad,2024-08-15,Plus
CUST_01368,35,Female,Mumbai,2024-08-31,Premium
CUST_01369,28,Female,Kolkata,2024-09-24,Basic
CUST_01370,51,Female,Kolkata,2025-01-26,Basic
CUST_01371,37,Male,Chennai,2024-09-16,Premium
CUST_01372,32,Female,Bengaluru,2025-01-18,Basic
CUST_01373,34,Other,Pune,2025-02-08,Premium
CUST_01374,34,Female,Bengaluru,2025-02-07,Basic
CUST_01375,34,Female,Kolkata,2024-07-03,Basic
CUST_01376,29,Female,Pune,2024-07-06,Premium
CUST_01377,28,Male,Kolkata,2024-10-01,Basic
CUST_01378,30,Female,Chennai,2024-07-08,Basic
CUST_01379,22,Female,Hyderabad,2025-02-20,Basic
CUST_01380,37,Male,Delhi,2024-10-16,Plus
CUST_01381,25,Male,Bengaluru,2024-12-08,Basic
CUST_01382,23,Male,Pune,2025-01-25,Basic
CUST_01383,31,Female,Kolkata,2025-02-25,Premium
CUST_01384,30,Female,Hyderabad,2024-08-19,Basic
CUST_01385,33,Male,Pune,2024-07-11,Plus
CUST_01386,26,Male,Chennai,2024-12-03,Basic
CUST_01387,28,Male,Hyderabad,2024-09-08,Plus
CUST_01388,37,Male,Kochi,2024-12-16,Basic
CUST_01389,36,Male,Kochi,2025-03-29,Premium
CUST_01390,36,Female,Mumbai,2024-09-06,Basic
CUST_01391,31,Male,Jaipur,2025-03-09,Basic
CUST_01392,32,Female,Mumbai,2024-08-17,Basic
CUST_01393,33,Female,Chennai,2024-12-31,Basic
CUST_01394,26,Male,Chennai,2025-01-03,Basic
CUST_01395,43,Female,Jaipur,2024-09-28,Basic
CUST_01396,42,Female,Chennai,2024-11-16,Plus
CUST_01397,37,Female,Delhi,2024-09-27,Basic
CUST_01398,28,Male,Mumbai,2025-03-31,Basic
CUST_01399,35,Male,Pune,2024-07-19,Plus
CUST_01400,39,Male,Mumbai,2024-12-01,Plus
CUST_01401,21,Male,Chennai,2025-03-17,Basic
CUST_01402,45,Male,Bengaluru,2024-10-16,Basic
CUST_01403,18,Male,Delhi,2024-08-28,Basic
CUST_01404,37,Male,Pune,2024-11-02,Plus
CUST_01405,43,Male,Mumbai,2025-03-30,Plus
CUST_01406,30,Male,Pune,2024-10-15,Basic
CUST_01407,30,Male,Bengaluru,2025-03-02,Plus
CUST_01408,36,Other,Ahmedabad,2025-03-04,Plus
CUST_01409,46,Male,Delhi,2024-07-08,Plus
CUST_01410,29,Female,Bengaluru,2024-11-18,Premium
CUST_01411,25,Male,Mumbai,2024-07-08,Basic
CUST_01412,28,Female,Kolkata,2024-10-02,Basic
CUST_01413,19,Male,Ahmedabad,2024-08-08,Basic
CUST_01414,38,Female,Chennai,2024-09-19,Basic
CUST_01415,27,Female,Pune,2025-01-03,Basic
CUST_01416,29,Male,Bengaluru,2024-09-22,Premium
CUST_01417,38,Female,Bengaluru,2024-09-26,Basic
CUST_01418,28,Female,Mumbai,2025-02-27,Basic
CUST_01419,37,Male,Pune,2024-10-01,Basic
CUST_01420,23,Female,Kolkata,2024-09-24,Premium
CUST_01421,39,Female,Hyderabad,2024-08-13,Basic
CUST_01422,34,Male,Bengaluru,2024-11-14,Basic
CUST_01423,30,Male,Mumbai,2024-09-12,Basic
CUST_01424,32,Female,Bengaluru,2024-08-05,Basic
CUST_01425,21,Female,Bengaluru,2024-10-09,Premium
CUST_01426,32,Female,Hyderabad,2024-12-03,Premium
CUST_01427,30,Female,Hyderabad,2025-03-12,Basic
CUST_01428,21,Male,Chennai,2024-12-18,Premium
CUST_01429,26,Female,Delhi,2025-02-01,Plus
CUST_01430,30,Male,Bengaluru,2024-12-17,Premium
CUST_01431,26,Male,Bengaluru,2025-03-09,Basic
CUST_01432,18,Female,Pune,2024-08-24,Basic
CUST_01433,40,Female,Bengaluru,2024-09-29,Basic
CUST_01434,30,Male,Delhi,2024-10-09,Plus
CUST_01435,18,Female,Bengaluru,2024-12-02,Basic
CUST_01436,48,Male,Hyderabad,2024-11-18,Basic
CUST_01437,41,Male,Chennai,2024-12-20,Basic
CUST_01438,28,Female,Bengaluru,2024-07-10,Plus
CUST_01439,24,Male,Mumbai,2025-02-13,Basic
CUST_01440,34,Male,Jaipur,2025-03-22,Plus
CUST_01441,33,Male,Bengaluru,2025-03-05,Premium
CUST_01442,35,Female,Hyderabad,2025-03-04,Basic
CUST_01443,24,Male,Pune,2024-12-02,Plus
CUST_01444,40,Male,Mumbai,2024-08-03,Basic
CUST_01445,27,Female,Kolkata,2024-11-06,Premium
CUST_01446,36,Female,Chennai,2024-12-07,Basic
CUST_01447,25,Male,Jaipur,2024-09-27,Plus
CUST_01448,52,Female,Hyderabad,2024-10-01,Plus
CUST_01449,37,Male,Hyderabad,2025-02-26,Premium
CUST_01450,54,Female,Ahmedabad,2024-10-25,Plus
CUST_01451,38,Male,Mumbai,2024-10-02,Basic
CUST_01452,27,Male,Mumbai,2024-12-10,Plus
CUST_01453,38,Male,Pune,2024-10-07,Premium
CUST_01454,38,Male,Delhi,2024-10-21,Plus
CUST_01455,34,Female,Bengaluru,2024-09-29,Basic
CUST_01456,36,Male,Delhi,2025-01-22,Premium
CUST_01457,37,Male,Bengaluru,2024-07-17,Plus
CUST_01458,23,Female,Kolkata,2025-03-31,Plus
CUST_01459,22,Female,Kochi,2024-12-20,Basic
CUST_01460,25,Male,Hyderabad,2024-10-24,Plus
CUST_01461,32,Male,Mumbai,2024-12-28,Basic
CUST_01462,29,Male,Bengaluru,2024-09-29,Plus
CUST_01463,23,Male,Bengaluru,2024-09-20,Basic
CUST_01464,37,Male,Jaipur,2024-10-22,Plus
CUST_01465,33,Female,Bengaluru,2025-03-14,Premium
CUST_01466,32,Female,Mumbai,2024-08-27,Basic
CUST_01467,29,Male,Kolkata,2024-12-01,Premium
CUST_01468,28,Male,Ahmedabad,2024-10-24,Basic
CUST_01469,24,Male,Mumbai,2025-03-23,Premium
CUST_01470,38,Male,Mumbai,2025-01-19,Plus
CUST_01471,25,Male,Delhi,2024-08-10,Plus
CUST_01472,33,Female,Kochi,2024-10-13,Plus
CUST_01473,44,Female,Delhi,2025-01-09,Premium
CUST_01474,28,Other,Mumbai,2025-02-22,Basic
CUST_01475,39,Female,Bengaluru,2025-02-06,Basic
CUST_01476,36,Male,Bengaluru,2024-09-06,Plus
CUST_01477,33,Female,Delhi,2025-01-13,Plus
CUST_01478,34,Male,Jaipur,2025-03-13,Plus
CUST_01479,30,Male,Ahmedabad,2024-11-16,Plus
CUST_01480,31,Female,Kochi,2024-11-26,Basic
CUST_01481,27,Male,Mumbai,2024-10-07,Plus
CUST_01482,31,Female,Pune,2024-09-14,Basic
CUST_01483,26,Male,Kolkata,2024-10-17,Basic
CUST_01484,39,Female,Delhi,2025-01-04,Basic
CUST_01485,18,Female,Hyderabad,2025-01-15,Basic
CUST_01486,35,Female,Mumbai,2024-12-01,Basic
CUST_01487,34,Female,Kolkata,2024-08-09,Basic
CUST_01488,33,Male,Chennai,2024-11-10,Plus
CUST_01489,39,Female,Jaipur,2024-11-09,Basic
CUST_01490,29,Female,Chennai,2024-09-22,Basic
CUST_01491,33,Female,Pune,2025-02-27,Basic
CUST_01492,18,Female,Delhi,2024-10-24,Basic
CUST_01493,28,Female,Pune,2024-10-17,Basic
CUST_01494,38,Female,Hyderabad,2025-02-06,Basic
CUST_01495,20,Female,Jaipur,2024-08-10,Plus
CUST_01496,32,Female,Delhi,2024-11-24,Plus
CUST_01497,26,Female,Chennai,2024-10-20,Plus
CUST_01498,30,Male,Delhi,2024-10-11,Basic
CUST_01499,26,Male,Chennai,2024-08-15,Basic
CUST_01500,21,Male,Chennai,2025-03-28,Premium
